Terminals unused in grammar

    case_statement
    as
    input_func
    bitwise_and_with_equals
    bitwise_or_with_equals
    bitwise_xor_with_equals
    bitwise_not_with_equals
    bitwise_shift_right_with_equals
    bitwise_shift_left_with_equals
    PREC_TERNARY_IDENT


State 21 conflicts: 1 shift/reduce
State 140 conflicts: 1 shift/reduce
State 219 conflicts: 19 shift/reduce
State 225 conflicts: 19 shift/reduce
State 244 conflicts: 19 shift/reduce


Grammar

    0 $accept: program $end

    1 program: statement
    2        | program statement

    3 statement: indicator_stmt
    4          | strategy_stmt
    5          | if_stmt
    6          | for_stmt
    7          | while_stmt
    8          | return_stmt_expr
    9          | break_stmt
   10          | continue_stmt
   11          | switch_stmt
   12          | varip_stmt
   13          | var_stmt
   14          | const_stmt
   15          | simple_stmt
   16          | func_stmt
   17          | call_arg_stmt
   18          | import_stmt
   19          | assignment_stmt
   20          | assignment_re_stmt
   21          | ternary_expr
   22          | compound_assign_stmt
   23          | ident_stmt

   24 ident_stmt: identifier

   25 block: left_brace stmt_list right_brace

   26 stmt_list: stmt_list stmt_block
   27          | stmt_block

   28 stmt_block: statement

   29 if_body: block
   30        | statement

   31 indicator_stmt: indicator_function left_paren string right_paren

   32 strategy_stmt: strategy_function left_paren string right_paren

   33 if_stmt: if_statement left_paren expr right_paren if_body
   34        | if_statement left_paren expr right_paren if_body else_statement if_body

   35 for_stmt: for_statement left_paren identifier assign expr to expr right_paren block
   36         | for_statement left_paren identifier assign expr to expr step expr right_paren block
   37         | for_statement left_paren expr right_paren block

   38 while_stmt: while_statement left_paren expr right_paren block

   39 func_stmt: identifier func_paren opt_arg_list func_paren block

   40 opt_arg_list: arg_list
   41             | ε

   42 arg_list: arg_list comma func_type
   43         | func_type

   44 func_type: pine_type identifier
   45          | pine_type
   46          | pine_type dot pine_type identifier
   47          | pine_type dot pine_type
   48          | pine_type lesser_than func_type greater_than identifier
   49          | pine_type dot pine_type lesser_than func_type greater_than identifier

   50 pine_type: int_type
   51          | bool_type
   52          | string_as_type
   53          | float_type
   54          | color_type
   55          | identifier

   56 return_stmt_expr: return_statement expr

   57 break_stmt: break_statement

   58 continue_stmt: continue_statement

   59 switch_stmt: switch_statement left_paren expr right_paren left_brace case_list default_case right_brace

   60 case_list: case_list case_stmt
   61          | ε

   62 case_stmt: expr left_brace switch_block_stmts right_brace semicolon

   63 default_case: default_statement left_brace switch_block_stmts right_brace semicolon
   64             | ε

   65 switch_block_stmt: statement

   66 switch_block_stmts: switch_block_stmt
   67                   | switch_block_stmts switch_block_stmt

   68 dot_expr: pine_type dot identifier

   69 call_arg_stmt: identifier left_paren call_list right_paren
   70              | dot_expr left_paren call_list right_paren

   71 call_list: call_stmt
   72          | call_list comma call_stmt
   73          | ε

   74 call_stmt: expr

   75 var_stmt: var identifier assign expr
   76         | var identifier assign call_arg_stmt

   77 varip_stmt: varip identifier assign expr
   78           | varip identifier
   79           | varip identifier assign call_arg_stmt

   80 const_stmt: const_statement identifier assign expr
   81           | const_statement identifier assign call_arg_stmt

   82 simple_stmt: simple identifier
   83            | simple identifier assign expr
   84            | simple identifier assign call_arg_stmt

   85 import_stmt: import_statement string

   86 assignment_stmt: identifier assign expr
   87                | identifier assign call_arg_stmt
   88                | dot_expr assign expr
   89                | dot_expr assign call_arg_stmt

   90 assignment_re_stmt: identifier re_assign expr
   91                   | identifier re_assign call_arg_stmt
   92                   | dot_expr re_assign expr
   93                   | dot_expr re_assign call_arg_stmt

   94 compound_assign_stmt: identifier plus_and_assign expr
   95                     | identifier minus_and_assign expr
   96                     | identifier multiply_and_assign expr
   97                     | identifier divide_and_assign expr
   98                     | identifier remind_and_assign expr
   99                     | dot_expr plus_and_assign expr
  100                     | dot_expr minus_and_assign expr
  101                     | dot_expr multiply_and_assign expr
  102                     | dot_expr divide_and_assign expr
  103                     | dot_expr remind_and_assign expr

  104 ternary_expr: identifier question_sign expr colon expr
  105             | dot_expr question_sign expr colon expr
  106             | left_paren expr right_paren question_sign expr colon expr

  107 expr: ternary_expr
  108     | number
  109     | string
  110     | expr plus expr
  111     | expr minus expr
  112     | expr multiply expr
  113     | expr divide expr
  114     | expr divide_with_remind expr
  115     | expr logical_and expr
  116     | expr logical_or expr
  117     | expr equals expr
  118     | expr dont_equal expr
  119     | expr greater_than expr
  120     | expr lesser_than expr
  121     | expr greater_than_or_equals expr
  122     | expr lesser_than_or_equals expr
  123     | expr bitwise_and expr
  124     | expr bitwise_or expr
  125     | expr bitwise_xor expr
  126     | expr bitwise_shift_to_left expr
  127     | expr bitwise_shift_to_right expr
  128     | logical_not expr
  129     | bitwise_not expr
  130     | minus expr
  131     | plus expr
  132     | left_paren expr right_paren
  133     | expr left_quad_brace expr right_quad_brace
  134     | left_quad_brace expr right_quad_brace
  135     | dot_expr
  136     | identifier


Terminals, with rules where they appear

    $end (0) 0
    error (256)
    LOWEST_PREC (258)
    indicator_function (259) 31
    strategy_function (260) 32
    if_statement (261) 33 34
    else_statement (262) 34
    for_statement (263) 35 36 37
    step (264) 36
    to (265) 35 36
    return_statement (266) 56
    while_statement (267) 38
    break_statement (268) 57
    continue_statement (269) 58
    switch_statement (270) 59
    case_statement (271)
    default_statement (272) 63
    var (273) 75 76
    varip (274) 77 78 79
    const_statement (275) 80 81
    simple (276) 82 83 84
    logical_and (277) 115
    logical_or (278) 116
    logical_not (279) 128
    dont_equal (280) 118
    question_sign (281) 104 105 106
    bitwise_and (282) 123
    bitwise_or (283) 124
    bitwise_xor (284) 125
    bitwise_not (285) 129
    bitwise_shift_to_left (286) 126
    bitwise_shift_to_right (287) 127
    semicolon (288) 62 63
    import_statement (289) 85
    as (290)
    input_func (291)
    int_type <ival> (292) 50
    bool_type <ival> (293) 51
    float_type <ival> (294) 53
    color_type <ival> (295) 54
    string_as_type <ival> (296) 52
    left_paren (297) 31 32 33 34 35 36 37 38 59 69 70 106 132
    right_paren (298) 31 32 33 34 35 36 37 38 59 69 70 106 132
    func_paren (299) 39
    left_quad_brace (300) 133 134
    right_quad_brace (301) 133 134
    left_brace (302) 25 59 62 63
    right_brace (303) 25 59 62 63
    assign (304) 35 36 75 76 77 79 80 81 83 84 86 87 88 89
    re_assign (305) 90 91 92 93
    equals (306) 117
    greater_than (307) 48 49 119
    lesser_than (308) 48 49 120
    plus_and_assign (309) 94 99
    minus_and_assign (310) 95 100
    multiply_and_assign (311) 96 101
    divide_and_assign (312) 97 102
    remind_and_assign (313) 98 103
    plus (314) 110 131
    minus (315) 111 130
    multiply (316) 112
    divide (317) 113
    divide_with_remind (318) 114
    greater_than_or_equals (319) 121
    lesser_than_or_equals (320) 122
    bitwise_and_with_equals (321)
    bitwise_or_with_equals (322)
    bitwise_xor_with_equals (323)
    bitwise_not_with_equals (324)
    bitwise_shift_right_with_equals (325)
    bitwise_shift_left_with_equals (326)
    comma (327) 42 72
    dot (328) 46 47 49 68
    colon (329) 104 105 106
    number <ival> (330) 108
    identifier <sval> (331) 24 35 36 39 44 46 48 49 55 68 69 75 76 77 78 79 80 81 82 83 84 86 87 90 91 94 95 96 97 98 104 136
    string <sval> (332) 31 32 85 109
    PREC_SINGLE_NAME (333)
    PREC_TYPE_NAME (334)
    PREC_FUNC (335)
    PREC_CALL (336)
    PREC_TERNARY_IDENT (337)


Nonterminals, with rules where they appear

    $accept (83)
        on left: 0
    program <node> (84)
        on left: 1 2
        on right: 0 2
    statement <node> (85)
        on left: 3 4 5 6 7 8 9 10 11 12 13 14 15 16 17 18 19 20 21 22 23
        on right: 1 2 28 30 65
    ident_stmt <node> (86)
        on left: 24
        on right: 23
    block <node> (87)
        on left: 25
        on right: 29 35 36 37 38 39
    stmt_list <node> (88)
        on left: 26 27
        on right: 25 26
    stmt_block <node> (89)
        on left: 28
        on right: 26 27
    if_body <node> (90)
        on left: 29 30
        on right: 33 34
    indicator_stmt <node> (91)
        on left: 31
        on right: 3
    strategy_stmt <node> (92)
        on left: 32
        on right: 4
    if_stmt <node> (93)
        on left: 33 34
        on right: 5
    for_stmt <node> (94)
        on left: 35 36 37
        on right: 6
    while_stmt <node> (95)
        on left: 38
        on right: 7
    func_stmt <node> (96)
        on left: 39
        on right: 16
    opt_arg_list <node> (97)
        on left: 40 41
        on right: 39
    arg_list <node> (98)
        on left: 42 43
        on right: 40 42
    func_type <node> (99)
        on left: 44 45 46 47 48 49
        on right: 42 43 48 49
    pine_type <sval> (100)
        on left: 50 51 52 53 54 55
        on right: 44 45 46 47 48 49 68
    return_stmt_expr <node> (101)
        on left: 56
        on right: 8
    break_stmt <node> (102)
        on left: 57
        on right: 9
    continue_stmt <node> (103)
        on left: 58
        on right: 10
    switch_stmt <node> (104)
        on left: 59
        on right: 11
    case_list <node> (105)
        on left: 60 61
        on right: 59 60
    case_stmt <node> (106)
        on left: 62
        on right: 60
    default_case <node> (107)
        on left: 63 64
        on right: 59
    switch_block_stmt <node> (108)
        on left: 65
        on right: 66 67
    switch_block_stmts <node> (109)
        on left: 66 67
        on right: 62 63 67
    dot_expr <node> (110)
        on left: 68
        on right: 70 88 89 92 93 99 100 101 102 103 105 135
    call_arg_stmt <node> (111)
        on left: 69 70
        on right: 17 76 79 81 84 87 89 91 93
    call_list <node> (112)
        on left: 71 72 73
        on right: 69 70 72
    call_stmt <node> (113)
        on left: 74
        on right: 71 72
    var_stmt <node> (114)
        on left: 75 76
        on right: 13
    varip_stmt <node> (115)
        on left: 77 78 79
        on right: 12
    const_stmt <node> (116)
        on left: 80 81
        on right: 14
    simple_stmt <node> (117)
        on left: 82 83 84
        on right: 15
    import_stmt <node> (118)
        on left: 85
        on right: 18
    assignment_stmt <node> (119)
        on left: 86 87 88 89
        on right: 19
    assignment_re_stmt <node> (120)
        on left: 90 91 92 93
        on right: 20
    compound_assign_stmt <node> (121)
        on left: 94 95 96 97 98 99 100 101 102 103
        on right: 22
    ternary_expr <node> (122)
        on left: 104 105 106
        on right: 21 107
    expr <node> (123)
        on left: 107 108 109 110 111 112 113 114 115 116 117 118 119 120 121 122 123 124 125 126 127 128 129 130 131 132 133 134 135 136
        on right: 33 34 35 36 37 38 56 59 62 74 75 77 80 83 86 88 90 92 94 95 96 97 98 99 100 101 102 103 104 105 106 110 111 112 113 114 115 116 117 118 119 120 121 122 123 124 125 126 127 128 129 130 131 132 133 134


State 0

    0 $accept: • program $end

    indicator_function  shift, and go to state 1
    strategy_function   shift, and go to state 2
    if_statement        shift, and go to state 3
    for_statement       shift, and go to state 4
    return_statement    shift, and go to state 5
    while_statement     shift, and go to state 6
    break_statement     shift, and go to state 7
    continue_statement  shift, and go to state 8
    switch_statement    shift, and go to state 9
    var                 shift, and go to state 10
    varip               shift, and go to state 11
    const_statement     shift, and go to state 12
    simple              shift, and go to state 13
    import_statement    shift, and go to state 14
    int_type            shift, and go to state 15
    bool_type           shift, and go to state 16
    float_type          shift, and go to state 17
    color_type          shift, and go to state 18
    string_as_type      shift, and go to state 19
    left_paren          shift, and go to state 20
    identifier          shift, and go to state 21

    program               go to state 22
    statement             go to state 23
    ident_stmt            go to state 24
    indicator_stmt        go to state 25
    strategy_stmt         go to state 26
    if_stmt               go to state 27
    for_stmt              go to state 28
    while_stmt            go to state 29
    func_stmt             go to state 30
    pine_type             go to state 31
    return_stmt_expr      go to state 32
    break_stmt            go to state 33
    continue_stmt         go to state 34
    switch_stmt           go to state 35
    dot_expr              go to state 36
    call_arg_stmt         go to state 37
    var_stmt              go to state 38
    varip_stmt            go to state 39
    const_stmt            go to state 40
    simple_stmt           go to state 41
    import_stmt           go to state 42
    assignment_stmt       go to state 43
    assignment_re_stmt    go to state 44
    compound_assign_stmt  go to state 45
    ternary_expr          go to state 46


State 1

   31 indicator_stmt: indicator_function • left_paren string right_paren

    left_paren  shift, and go to state 47


State 2

   32 strategy_stmt: strategy_function • left_paren string right_paren

    left_paren  shift, and go to state 48


State 3

   33 if_stmt: if_statement • left_paren expr right_paren if_body
   34        | if_statement • left_paren expr right_paren if_body else_statement if_body

    left_paren  shift, and go to state 49


State 4

   35 for_stmt: for_statement • left_paren identifier assign expr to expr right_paren block
   36         | for_statement • left_paren identifier assign expr to expr step expr right_paren block
   37         | for_statement • left_paren expr right_paren block

    left_paren  shift, and go to state 50


State 5

   56 return_stmt_expr: return_statement • expr

    logical_not      shift, and go to state 51
    bitwise_not      shift, and go to state 52
    int_type         shift, and go to state 15
    bool_type        shift, and go to state 16
    float_type       shift, and go to state 17
    color_type       shift, and go to state 18
    string_as_type   shift, and go to state 19
    left_paren       shift, and go to state 53
    left_quad_brace  shift, and go to state 54
    plus             shift, and go to state 55
    minus            shift, and go to state 56
    number           shift, and go to state 57
    identifier       shift, and go to state 58
    string           shift, and go to state 59

    pine_type     go to state 31
    dot_expr      go to state 60
    ternary_expr  go to state 61
    expr          go to state 62


State 6

   38 while_stmt: while_statement • left_paren expr right_paren block

    left_paren  shift, and go to state 63


State 7

   57 break_stmt: break_statement •

    $default  reduce using rule 57 (break_stmt)


State 8

   58 continue_stmt: continue_statement •

    $default  reduce using rule 58 (continue_stmt)


State 9

   59 switch_stmt: switch_statement • left_paren expr right_paren left_brace case_list default_case right_brace

    left_paren  shift, and go to state 64


State 10

   75 var_stmt: var • identifier assign expr
   76         | var • identifier assign call_arg_stmt

    identifier  shift, and go to state 65


State 11

   77 varip_stmt: varip • identifier assign expr
   78           | varip • identifier
   79           | varip • identifier assign call_arg_stmt

    identifier  shift, and go to state 66


State 12

   80 const_stmt: const_statement • identifier assign expr
   81           | const_statement • identifier assign call_arg_stmt

    identifier  shift, and go to state 67


State 13

   82 simple_stmt: simple • identifier
   83            | simple • identifier assign expr
   84            | simple • identifier assign call_arg_stmt

    identifier  shift, and go to state 68


State 14

   85 import_stmt: import_statement • string

    string  shift, and go to state 69


State 15

   50 pine_type: int_type •

    $default  reduce using rule 50 (pine_type)


State 16

   51 pine_type: bool_type •

    $default  reduce using rule 51 (pine_type)


State 17

   53 pine_type: float_type •

    $default  reduce using rule 53 (pine_type)


State 18

   54 pine_type: color_type •

    $default  reduce using rule 54 (pine_type)


State 19

   52 pine_type: string_as_type •

    $default  reduce using rule 52 (pine_type)


State 20

  106 ternary_expr: left_paren • expr right_paren question_sign expr colon expr

    logical_not      shift, and go to state 51
    bitwise_not      shift, and go to state 52
    int_type         shift, and go to state 15
    bool_type        shift, and go to state 16
    float_type       shift, and go to state 17
    color_type       shift, and go to state 18
    string_as_type   shift, and go to state 19
    left_paren       shift, and go to state 53
    left_quad_brace  shift, and go to state 54
    plus             shift, and go to state 55
    minus            shift, and go to state 56
    number           shift, and go to state 57
    identifier       shift, and go to state 58
    string           shift, and go to state 59

    pine_type     go to state 31
    dot_expr      go to state 60
    ternary_expr  go to state 61
    expr          go to state 70


State 21

   24 ident_stmt: identifier •
   39 func_stmt: identifier • func_paren opt_arg_list func_paren block
   55 pine_type: identifier •
   69 call_arg_stmt: identifier • left_paren call_list right_paren
   86 assignment_stmt: identifier • assign expr
   87                | identifier • assign call_arg_stmt
   90 assignment_re_stmt: identifier • re_assign expr
   91                   | identifier • re_assign call_arg_stmt
   94 compound_assign_stmt: identifier • plus_and_assign expr
   95                     | identifier • minus_and_assign expr
   96                     | identifier • multiply_and_assign expr
   97                     | identifier • divide_and_assign expr
   98                     | identifier • remind_and_assign expr
  104 ternary_expr: identifier • question_sign expr colon expr

    question_sign        shift, and go to state 71
    left_paren           shift, and go to state 72
    func_paren           shift, and go to state 73
    assign               shift, and go to state 74
    re_assign            shift, and go to state 75
    plus_and_assign      shift, and go to state 76
    minus_and_assign     shift, and go to state 77
    multiply_and_assign  shift, and go to state 78
    divide_and_assign    shift, and go to state 79
    remind_and_assign    shift, and go to state 80

    left_paren  [reduce using rule 24 (ident_stmt)]
    dot         reduce using rule 55 (pine_type)
    $default    reduce using rule 24 (ident_stmt)


State 22

    0 $accept: program • $end
    2 program: program • statement

    $end                shift, and go to state 81
    indicator_function  shift, and go to state 1
    strategy_function   shift, and go to state 2
    if_statement        shift, and go to state 3
    for_statement       shift, and go to state 4
    return_statement    shift, and go to state 5
    while_statement     shift, and go to state 6
    break_statement     shift, and go to state 7
    continue_statement  shift, and go to state 8
    switch_statement    shift, and go to state 9
    var                 shift, and go to state 10
    varip               shift, and go to state 11
    const_statement     shift, and go to state 12
    simple              shift, and go to state 13
    import_statement    shift, and go to state 14
    int_type            shift, and go to state 15
    bool_type           shift, and go to state 16
    float_type          shift, and go to state 17
    color_type          shift, and go to state 18
    string_as_type      shift, and go to state 19
    left_paren          shift, and go to state 20
    identifier          shift, and go to state 21

    statement             go to state 82
    ident_stmt            go to state 24
    indicator_stmt        go to state 25
    strategy_stmt         go to state 26
    if_stmt               go to state 27
    for_stmt              go to state 28
    while_stmt            go to state 29
    func_stmt             go to state 30
    pine_type             go to state 31
    return_stmt_expr      go to state 32
    break_stmt            go to state 33
    continue_stmt         go to state 34
    switch_stmt           go to state 35
    dot_expr              go to state 36
    call_arg_stmt         go to state 37
    var_stmt              go to state 38
    varip_stmt            go to state 39
    const_stmt            go to state 40
    simple_stmt           go to state 41
    import_stmt           go to state 42
    assignment_stmt       go to state 43
    assignment_re_stmt    go to state 44
    compound_assign_stmt  go to state 45
    ternary_expr          go to state 46


State 23

    1 program: statement •

    $default  reduce using rule 1 (program)


State 24

   23 statement: ident_stmt •

    $default  reduce using rule 23 (statement)


State 25

    3 statement: indicator_stmt •

    $default  reduce using rule 3 (statement)


State 26

    4 statement: strategy_stmt •

    $default  reduce using rule 4 (statement)


State 27

    5 statement: if_stmt •

    $default  reduce using rule 5 (statement)


State 28

    6 statement: for_stmt •

    $default  reduce using rule 6 (statement)


State 29

    7 statement: while_stmt •

    $default  reduce using rule 7 (statement)


State 30

   16 statement: func_stmt •

    $default  reduce using rule 16 (statement)


State 31

   68 dot_expr: pine_type • dot identifier

    dot  shift, and go to state 83


State 32

    8 statement: return_stmt_expr •

    $default  reduce using rule 8 (statement)


State 33

    9 statement: break_stmt •

    $default  reduce using rule 9 (statement)


State 34

   10 statement: continue_stmt •

    $default  reduce using rule 10 (statement)


State 35

   11 statement: switch_stmt •

    $default  reduce using rule 11 (statement)


State 36

   70 call_arg_stmt: dot_expr • left_paren call_list right_paren
   88 assignment_stmt: dot_expr • assign expr
   89                | dot_expr • assign call_arg_stmt
   92 assignment_re_stmt: dot_expr • re_assign expr
   93                   | dot_expr • re_assign call_arg_stmt
   99 compound_assign_stmt: dot_expr • plus_and_assign expr
  100                     | dot_expr • minus_and_assign expr
  101                     | dot_expr • multiply_and_assign expr
  102                     | dot_expr • divide_and_assign expr
  103                     | dot_expr • remind_and_assign expr
  105 ternary_expr: dot_expr • question_sign expr colon expr

    question_sign        shift, and go to state 84
    left_paren           shift, and go to state 85
    assign               shift, and go to state 86
    re_assign            shift, and go to state 87
    plus_and_assign      shift, and go to state 88
    minus_and_assign     shift, and go to state 89
    multiply_and_assign  shift, and go to state 90
    divide_and_assign    shift, and go to state 91
    remind_and_assign    shift, and go to state 92


State 37

   17 statement: call_arg_stmt •

    $default  reduce using rule 17 (statement)


State 38

   13 statement: var_stmt •

    $default  reduce using rule 13 (statement)


State 39

   12 statement: varip_stmt •

    $default  reduce using rule 12 (statement)


State 40

   14 statement: const_stmt •

    $default  reduce using rule 14 (statement)


State 41

   15 statement: simple_stmt •

    $default  reduce using rule 15 (statement)


State 42

   18 statement: import_stmt •

    $default  reduce using rule 18 (statement)


State 43

   19 statement: assignment_stmt •

    $default  reduce using rule 19 (statement)


State 44

   20 statement: assignment_re_stmt •

    $default  reduce using rule 20 (statement)


State 45

   22 statement: compound_assign_stmt •

    $default  reduce using rule 22 (statement)


State 46

   21 statement: ternary_expr •

    $default  reduce using rule 21 (statement)


State 47

   31 indicator_stmt: indicator_function left_paren • string right_paren

    string  shift, and go to state 93


State 48

   32 strategy_stmt: strategy_function left_paren • string right_paren

    string  shift, and go to state 94


State 49

   33 if_stmt: if_statement left_paren • expr right_paren if_body
   34        | if_statement left_paren • expr right_paren if_body else_statement if_body

    logical_not      shift, and go to state 51
    bitwise_not      shift, and go to state 52
    int_type         shift, and go to state 15
    bool_type        shift, and go to state 16
    float_type       shift, and go to state 17
    color_type       shift, and go to state 18
    string_as_type   shift, and go to state 19
    left_paren       shift, and go to state 53
    left_quad_brace  shift, and go to state 54
    plus             shift, and go to state 55
    minus            shift, and go to state 56
    number           shift, and go to state 57
    identifier       shift, and go to state 58
    string           shift, and go to state 59

    pine_type     go to state 31
    dot_expr      go to state 60
    ternary_expr  go to state 61
    expr          go to state 95


State 50

   35 for_stmt: for_statement left_paren • identifier assign expr to expr right_paren block
   36         | for_statement left_paren • identifier assign expr to expr step expr right_paren block
   37         | for_statement left_paren • expr right_paren block

    logical_not      shift, and go to state 51
    bitwise_not      shift, and go to state 52
    int_type         shift, and go to state 15
    bool_type        shift, and go to state 16
    float_type       shift, and go to state 17
    color_type       shift, and go to state 18
    string_as_type   shift, and go to state 19
    left_paren       shift, and go to state 53
    left_quad_brace  shift, and go to state 54
    plus             shift, and go to state 55
    minus            shift, and go to state 56
    number           shift, and go to state 57
    identifier       shift, and go to state 96
    string           shift, and go to state 59

    pine_type     go to state 31
    dot_expr      go to state 60
    ternary_expr  go to state 61
    expr          go to state 97


State 51

  128 expr: logical_not • expr

    logical_not      shift, and go to state 51
    bitwise_not      shift, and go to state 52
    int_type         shift, and go to state 15
    bool_type        shift, and go to state 16
    float_type       shift, and go to state 17
    color_type       shift, and go to state 18
    string_as_type   shift, and go to state 19
    left_paren       shift, and go to state 53
    left_quad_brace  shift, and go to state 54
    plus             shift, and go to state 55
    minus            shift, and go to state 56
    number           shift, and go to state 57
    identifier       shift, and go to state 58
    string           shift, and go to state 59

    pine_type     go to state 31
    dot_expr      go to state 60
    ternary_expr  go to state 61
    expr          go to state 98


State 52

  129 expr: bitwise_not • expr

    logical_not      shift, and go to state 51
    bitwise_not      shift, and go to state 52
    int_type         shift, and go to state 15
    bool_type        shift, and go to state 16
    float_type       shift, and go to state 17
    color_type       shift, and go to state 18
    string_as_type   shift, and go to state 19
    left_paren       shift, and go to state 53
    left_quad_brace  shift, and go to state 54
    plus             shift, and go to state 55
    minus            shift, and go to state 56
    number           shift, and go to state 57
    identifier       shift, and go to state 58
    string           shift, and go to state 59

    pine_type     go to state 31
    dot_expr      go to state 60
    ternary_expr  go to state 61
    expr          go to state 99


State 53

  106 ternary_expr: left_paren • expr right_paren question_sign expr colon expr
  132 expr: left_paren • expr right_paren

    logical_not      shift, and go to state 51
    bitwise_not      shift, and go to state 52
    int_type         shift, and go to state 15
    bool_type        shift, and go to state 16
    float_type       shift, and go to state 17
    color_type       shift, and go to state 18
    string_as_type   shift, and go to state 19
    left_paren       shift, and go to state 53
    left_quad_brace  shift, and go to state 54
    plus             shift, and go to state 55
    minus            shift, and go to state 56
    number           shift, and go to state 57
    identifier       shift, and go to state 58
    string           shift, and go to state 59

    pine_type     go to state 31
    dot_expr      go to state 60
    ternary_expr  go to state 61
    expr          go to state 100


State 54

  134 expr: left_quad_brace • expr right_quad_brace

    logical_not      shift, and go to state 51
    bitwise_not      shift, and go to state 52
    int_type         shift, and go to state 15
    bool_type        shift, and go to state 16
    float_type       shift, and go to state 17
    color_type       shift, and go to state 18
    string_as_type   shift, and go to state 19
    left_paren       shift, and go to state 53
    left_quad_brace  shift, and go to state 54
    plus             shift, and go to state 55
    minus            shift, and go to state 56
    number           shift, and go to state 57
    identifier       shift, and go to state 58
    string           shift, and go to state 59

    pine_type     go to state 31
    dot_expr      go to state 60
    ternary_expr  go to state 61
    expr          go to state 101


State 55

  131 expr: plus • expr

    logical_not      shift, and go to state 51
    bitwise_not      shift, and go to state 52
    int_type         shift, and go to state 15
    bool_type        shift, and go to state 16
    float_type       shift, and go to state 17
    color_type       shift, and go to state 18
    string_as_type   shift, and go to state 19
    left_paren       shift, and go to state 53
    left_quad_brace  shift, and go to state 54
    plus             shift, and go to state 55
    minus            shift, and go to state 56
    number           shift, and go to state 57
    identifier       shift, and go to state 58
    string           shift, and go to state 59

    pine_type     go to state 31
    dot_expr      go to state 60
    ternary_expr  go to state 61
    expr          go to state 102


State 56

  130 expr: minus • expr

    logical_not      shift, and go to state 51
    bitwise_not      shift, and go to state 52
    int_type         shift, and go to state 15
    bool_type        shift, and go to state 16
    float_type       shift, and go to state 17
    color_type       shift, and go to state 18
    string_as_type   shift, and go to state 19
    left_paren       shift, and go to state 53
    left_quad_brace  shift, and go to state 54
    plus             shift, and go to state 55
    minus            shift, and go to state 56
    number           shift, and go to state 57
    identifier       shift, and go to state 58
    string           shift, and go to state 59

    pine_type     go to state 31
    dot_expr      go to state 60
    ternary_expr  go to state 61
    expr          go to state 103


State 57

  108 expr: number •

    $default  reduce using rule 108 (expr)


State 58

   55 pine_type: identifier •
  104 ternary_expr: identifier • question_sign expr colon expr
  136 expr: identifier •

    question_sign  shift, and go to state 71

    dot       reduce using rule 55 (pine_type)
    $default  reduce using rule 136 (expr)


State 59

  109 expr: string •

    $default  reduce using rule 109 (expr)


State 60

  105 ternary_expr: dot_expr • question_sign expr colon expr
  135 expr: dot_expr •

    question_sign  shift, and go to state 84

    $default  reduce using rule 135 (expr)


State 61

  107 expr: ternary_expr •

    $default  reduce using rule 107 (expr)


State 62

   56 return_stmt_expr: return_statement expr •
  110 expr: expr • plus expr
  111     | expr • minus expr
  112     | expr • multiply expr
  113     | expr • divide expr
  114     | expr • divide_with_remind expr
  115     | expr • logical_and expr
  116     | expr • logical_or expr
  117     | expr • equals expr
  118     | expr • dont_equal expr
  119     | expr • greater_than expr
  120     | expr • lesser_than expr
  121     | expr • greater_than_or_equals expr
  122     | expr • lesser_than_or_equals expr
  123     | expr • bitwise_and expr
  124     | expr • bitwise_or expr
  125     | expr • bitwise_xor expr
  126     | expr • bitwise_shift_to_left expr
  127     | expr • bitwise_shift_to_right expr
  133     | expr • left_quad_brace expr right_quad_brace

    logical_and             shift, and go to state 104
    logical_or              shift, and go to state 105
    dont_equal              shift, and go to state 106
    bitwise_and             shift, and go to state 107
    bitwise_or              shift, and go to state 108
    bitwise_xor             shift, and go to state 109
    bitwise_shift_to_left   shift, and go to state 110
    bitwise_shift_to_right  shift, and go to state 111
    left_quad_brace         shift, and go to state 112
    equals                  shift, and go to state 113
    greater_than            shift, and go to state 114
    lesser_than             shift, and go to state 115
    plus                    shift, and go to state 116
    minus                   shift, and go to state 117
    multiply                shift, and go to state 118
    divide                  shift, and go to state 119
    divide_with_remind      shift, and go to state 120
    greater_than_or_equals  shift, and go to state 121
    lesser_than_or_equals   shift, and go to state 122

    $default  reduce using rule 56 (return_stmt_expr)


State 63

   38 while_stmt: while_statement left_paren • expr right_paren block

    logical_not      shift, and go to state 51
    bitwise_not      shift, and go to state 52
    int_type         shift, and go to state 15
    bool_type        shift, and go to state 16
    float_type       shift, and go to state 17
    color_type       shift, and go to state 18
    string_as_type   shift, and go to state 19
    left_paren       shift, and go to state 53
    left_quad_brace  shift, and go to state 54
    plus             shift, and go to state 55
    minus            shift, and go to state 56
    number           shift, and go to state 57
    identifier       shift, and go to state 58
    string           shift, and go to state 59

    pine_type     go to state 31
    dot_expr      go to state 60
    ternary_expr  go to state 61
    expr          go to state 123


State 64

   59 switch_stmt: switch_statement left_paren • expr right_paren left_brace case_list default_case right_brace

    logical_not      shift, and go to state 51
    bitwise_not      shift, and go to state 52
    int_type         shift, and go to state 15
    bool_type        shift, and go to state 16
    float_type       shift, and go to state 17
    color_type       shift, and go to state 18
    string_as_type   shift, and go to state 19
    left_paren       shift, and go to state 53
    left_quad_brace  shift, and go to state 54
    plus             shift, and go to state 55
    minus            shift, and go to state 56
    number           shift, and go to state 57
    identifier       shift, and go to state 58
    string           shift, and go to state 59

    pine_type     go to state 31
    dot_expr      go to state 60
    ternary_expr  go to state 61
    expr          go to state 124


State 65

   75 var_stmt: var identifier • assign expr
   76         | var identifier • assign call_arg_stmt

    assign  shift, and go to state 125


State 66

   77 varip_stmt: varip identifier • assign expr
   78           | varip identifier •
   79           | varip identifier • assign call_arg_stmt

    assign  shift, and go to state 126

    $default  reduce using rule 78 (varip_stmt)


State 67

   80 const_stmt: const_statement identifier • assign expr
   81           | const_statement identifier • assign call_arg_stmt

    assign  shift, and go to state 127


State 68

   82 simple_stmt: simple identifier •
   83            | simple identifier • assign expr
   84            | simple identifier • assign call_arg_stmt

    assign  shift, and go to state 128

    $default  reduce using rule 82 (simple_stmt)


State 69

   85 import_stmt: import_statement string •

    $default  reduce using rule 85 (import_stmt)


State 70

  106 ternary_expr: left_paren expr • right_paren question_sign expr colon expr
  110 expr: expr • plus expr
  111     | expr • minus expr
  112     | expr • multiply expr
  113     | expr • divide expr
  114     | expr • divide_with_remind expr
  115     | expr • logical_and expr
  116     | expr • logical_or expr
  117     | expr • equals expr
  118     | expr • dont_equal expr
  119     | expr • greater_than expr
  120     | expr • lesser_than expr
  121     | expr • greater_than_or_equals expr
  122     | expr • lesser_than_or_equals expr
  123     | expr • bitwise_and expr
  124     | expr • bitwise_or expr
  125     | expr • bitwise_xor expr
  126     | expr • bitwise_shift_to_left expr
  127     | expr • bitwise_shift_to_right expr
  133     | expr • left_quad_brace expr right_quad_brace

    logical_and             shift, and go to state 104
    logical_or              shift, and go to state 105
    dont_equal              shift, and go to state 106
    bitwise_and             shift, and go to state 107
    bitwise_or              shift, and go to state 108
    bitwise_xor             shift, and go to state 109
    bitwise_shift_to_left   shift, and go to state 110
    bitwise_shift_to_right  shift, and go to state 111
    right_paren             shift, and go to state 129
    left_quad_brace         shift, and go to state 112
    equals                  shift, and go to state 113
    greater_than            shift, and go to state 114
    lesser_than             shift, and go to state 115
    plus                    shift, and go to state 116
    minus                   shift, and go to state 117
    multiply                shift, and go to state 118
    divide                  shift, and go to state 119
    divide_with_remind      shift, and go to state 120
    greater_than_or_equals  shift, and go to state 121
    lesser_than_or_equals   shift, and go to state 122


State 71

  104 ternary_expr: identifier question_sign • expr colon expr

    logical_not      shift, and go to state 51
    bitwise_not      shift, and go to state 52
    int_type         shift, and go to state 15
    bool_type        shift, and go to state 16
    float_type       shift, and go to state 17
    color_type       shift, and go to state 18
    string_as_type   shift, and go to state 19
    left_paren       shift, and go to state 53
    left_quad_brace  shift, and go to state 54
    plus             shift, and go to state 55
    minus            shift, and go to state 56
    number           shift, and go to state 57
    identifier       shift, and go to state 58
    string           shift, and go to state 59

    pine_type     go to state 31
    dot_expr      go to state 60
    ternary_expr  go to state 61
    expr          go to state 130


State 72

   69 call_arg_stmt: identifier left_paren • call_list right_paren

    logical_not      shift, and go to state 51
    bitwise_not      shift, and go to state 52
    int_type         shift, and go to state 15
    bool_type        shift, and go to state 16
    float_type       shift, and go to state 17
    color_type       shift, and go to state 18
    string_as_type   shift, and go to state 19
    left_paren       shift, and go to state 53
    left_quad_brace  shift, and go to state 54
    plus             shift, and go to state 55
    minus            shift, and go to state 56
    number           shift, and go to state 57
    identifier       shift, and go to state 58
    string           shift, and go to state 59

    $default  reduce using rule 73 (call_list)

    pine_type     go to state 31
    dot_expr      go to state 60
    call_list     go to state 131
    call_stmt     go to state 132
    ternary_expr  go to state 61
    expr          go to state 133


State 73

   39 func_stmt: identifier func_paren • opt_arg_list func_paren block

    int_type        shift, and go to state 15
    bool_type       shift, and go to state 16
    float_type      shift, and go to state 17
    color_type      shift, and go to state 18
    string_as_type  shift, and go to state 19
    identifier      shift, and go to state 134

    $default  reduce using rule 41 (opt_arg_list)

    opt_arg_list  go to state 135
    arg_list      go to state 136
    func_type     go to state 137
    pine_type     go to state 138


State 74

   86 assignment_stmt: identifier assign • expr
   87                | identifier assign • call_arg_stmt

    logical_not      shift, and go to state 51
    bitwise_not      shift, and go to state 52
    int_type         shift, and go to state 15
    bool_type        shift, and go to state 16
    float_type       shift, and go to state 17
    color_type       shift, and go to state 18
    string_as_type   shift, and go to state 19
    left_paren       shift, and go to state 53
    left_quad_brace  shift, and go to state 54
    plus             shift, and go to state 55
    minus            shift, and go to state 56
    number           shift, and go to state 57
    identifier       shift, and go to state 139
    string           shift, and go to state 59

    pine_type      go to state 31
    dot_expr       go to state 140
    call_arg_stmt  go to state 141
    ternary_expr   go to state 61
    expr           go to state 142


State 75

   90 assignment_re_stmt: identifier re_assign • expr
   91                   | identifier re_assign • call_arg_stmt

    logical_not      shift, and go to state 51
    bitwise_not      shift, and go to state 52
    int_type         shift, and go to state 15
    bool_type        shift, and go to state 16
    float_type       shift, and go to state 17
    color_type       shift, and go to state 18
    string_as_type   shift, and go to state 19
    left_paren       shift, and go to state 53
    left_quad_brace  shift, and go to state 54
    plus             shift, and go to state 55
    minus            shift, and go to state 56
    number           shift, and go to state 57
    identifier       shift, and go to state 139
    string           shift, and go to state 59

    pine_type      go to state 31
    dot_expr       go to state 140
    call_arg_stmt  go to state 143
    ternary_expr   go to state 61
    expr           go to state 144


State 76

   94 compound_assign_stmt: identifier plus_and_assign • expr

    logical_not      shift, and go to state 51
    bitwise_not      shift, and go to state 52
    int_type         shift, and go to state 15
    bool_type        shift, and go to state 16
    float_type       shift, and go to state 17
    color_type       shift, and go to state 18
    string_as_type   shift, and go to state 19
    left_paren       shift, and go to state 53
    left_quad_brace  shift, and go to state 54
    plus             shift, and go to state 55
    minus            shift, and go to state 56
    number           shift, and go to state 57
    identifier       shift, and go to state 58
    string           shift, and go to state 59

    pine_type     go to state 31
    dot_expr      go to state 60
    ternary_expr  go to state 61
    expr          go to state 145


State 77

   95 compound_assign_stmt: identifier minus_and_assign • expr

    logical_not      shift, and go to state 51
    bitwise_not      shift, and go to state 52
    int_type         shift, and go to state 15
    bool_type        shift, and go to state 16
    float_type       shift, and go to state 17
    color_type       shift, and go to state 18
    string_as_type   shift, and go to state 19
    left_paren       shift, and go to state 53
    left_quad_brace  shift, and go to state 54
    plus             shift, and go to state 55
    minus            shift, and go to state 56
    number           shift, and go to state 57
    identifier       shift, and go to state 58
    string           shift, and go to state 59

    pine_type     go to state 31
    dot_expr      go to state 60
    ternary_expr  go to state 61
    expr          go to state 146


State 78

   96 compound_assign_stmt: identifier multiply_and_assign • expr

    logical_not      shift, and go to state 51
    bitwise_not      shift, and go to state 52
    int_type         shift, and go to state 15
    bool_type        shift, and go to state 16
    float_type       shift, and go to state 17
    color_type       shift, and go to state 18
    string_as_type   shift, and go to state 19
    left_paren       shift, and go to state 53
    left_quad_brace  shift, and go to state 54
    plus             shift, and go to state 55
    minus            shift, and go to state 56
    number           shift, and go to state 57
    identifier       shift, and go to state 58
    string           shift, and go to state 59

    pine_type     go to state 31
    dot_expr      go to state 60
    ternary_expr  go to state 61
    expr          go to state 147


State 79

   97 compound_assign_stmt: identifier divide_and_assign • expr

    logical_not      shift, and go to state 51
    bitwise_not      shift, and go to state 52
    int_type         shift, and go to state 15
    bool_type        shift, and go to state 16
    float_type       shift, and go to state 17
    color_type       shift, and go to state 18
    string_as_type   shift, and go to state 19
    left_paren       shift, and go to state 53
    left_quad_brace  shift, and go to state 54
    plus             shift, and go to state 55
    minus            shift, and go to state 56
    number           shift, and go to state 57
    identifier       shift, and go to state 58
    string           shift, and go to state 59

    pine_type     go to state 31
    dot_expr      go to state 60
    ternary_expr  go to state 61
    expr          go to state 148


State 80

   98 compound_assign_stmt: identifier remind_and_assign • expr

    logical_not      shift, and go to state 51
    bitwise_not      shift, and go to state 52
    int_type         shift, and go to state 15
    bool_type        shift, and go to state 16
    float_type       shift, and go to state 17
    color_type       shift, and go to state 18
    string_as_type   shift, and go to state 19
    left_paren       shift, and go to state 53
    left_quad_brace  shift, and go to state 54
    plus             shift, and go to state 55
    minus            shift, and go to state 56
    number           shift, and go to state 57
    identifier       shift, and go to state 58
    string           shift, and go to state 59

    pine_type     go to state 31
    dot_expr      go to state 60
    ternary_expr  go to state 61
    expr          go to state 149


State 81

    0 $accept: program $end •

    $default  accept


State 82

    2 program: program statement •

    $default  reduce using rule 2 (program)


State 83

   68 dot_expr: pine_type dot • identifier

    identifier  shift, and go to state 150


State 84

  105 ternary_expr: dot_expr question_sign • expr colon expr

    logical_not      shift, and go to state 51
    bitwise_not      shift, and go to state 52
    int_type         shift, and go to state 15
    bool_type        shift, and go to state 16
    float_type       shift, and go to state 17
    color_type       shift, and go to state 18
    string_as_type   shift, and go to state 19
    left_paren       shift, and go to state 53
    left_quad_brace  shift, and go to state 54
    plus             shift, and go to state 55
    minus            shift, and go to state 56
    number           shift, and go to state 57
    identifier       shift, and go to state 58
    string           shift, and go to state 59

    pine_type     go to state 31
    dot_expr      go to state 60
    ternary_expr  go to state 61
    expr          go to state 151


State 85

   70 call_arg_stmt: dot_expr left_paren • call_list right_paren

    logical_not      shift, and go to state 51
    bitwise_not      shift, and go to state 52
    int_type         shift, and go to state 15
    bool_type        shift, and go to state 16
    float_type       shift, and go to state 17
    color_type       shift, and go to state 18
    string_as_type   shift, and go to state 19
    left_paren       shift, and go to state 53
    left_quad_brace  shift, and go to state 54
    plus             shift, and go to state 55
    minus            shift, and go to state 56
    number           shift, and go to state 57
    identifier       shift, and go to state 58
    string           shift, and go to state 59

    $default  reduce using rule 73 (call_list)

    pine_type     go to state 31
    dot_expr      go to state 60
    call_list     go to state 152
    call_stmt     go to state 132
    ternary_expr  go to state 61
    expr          go to state 133


State 86

   88 assignment_stmt: dot_expr assign • expr
   89                | dot_expr assign • call_arg_stmt

    logical_not      shift, and go to state 51
    bitwise_not      shift, and go to state 52
    int_type         shift, and go to state 15
    bool_type        shift, and go to state 16
    float_type       shift, and go to state 17
    color_type       shift, and go to state 18
    string_as_type   shift, and go to state 19
    left_paren       shift, and go to state 53
    left_quad_brace  shift, and go to state 54
    plus             shift, and go to state 55
    minus            shift, and go to state 56
    number           shift, and go to state 57
    identifier       shift, and go to state 139
    string           shift, and go to state 59

    pine_type      go to state 31
    dot_expr       go to state 140
    call_arg_stmt  go to state 153
    ternary_expr   go to state 61
    expr           go to state 154


State 87

   92 assignment_re_stmt: dot_expr re_assign • expr
   93                   | dot_expr re_assign • call_arg_stmt

    logical_not      shift, and go to state 51
    bitwise_not      shift, and go to state 52
    int_type         shift, and go to state 15
    bool_type        shift, and go to state 16
    float_type       shift, and go to state 17
    color_type       shift, and go to state 18
    string_as_type   shift, and go to state 19
    left_paren       shift, and go to state 53
    left_quad_brace  shift, and go to state 54
    plus             shift, and go to state 55
    minus            shift, and go to state 56
    number           shift, and go to state 57
    identifier       shift, and go to state 139
    string           shift, and go to state 59

    pine_type      go to state 31
    dot_expr       go to state 140
    call_arg_stmt  go to state 155
    ternary_expr   go to state 61
    expr           go to state 156


State 88

   99 compound_assign_stmt: dot_expr plus_and_assign • expr

    logical_not      shift, and go to state 51
    bitwise_not      shift, and go to state 52
    int_type         shift, and go to state 15
    bool_type        shift, and go to state 16
    float_type       shift, and go to state 17
    color_type       shift, and go to state 18
    string_as_type   shift, and go to state 19
    left_paren       shift, and go to state 53
    left_quad_brace  shift, and go to state 54
    plus             shift, and go to state 55
    minus            shift, and go to state 56
    number           shift, and go to state 57
    identifier       shift, and go to state 58
    string           shift, and go to state 59

    pine_type     go to state 31
    dot_expr      go to state 60
    ternary_expr  go to state 61
    expr          go to state 157


State 89

  100 compound_assign_stmt: dot_expr minus_and_assign • expr

    logical_not      shift, and go to state 51
    bitwise_not      shift, and go to state 52
    int_type         shift, and go to state 15
    bool_type        shift, and go to state 16
    float_type       shift, and go to state 17
    color_type       shift, and go to state 18
    string_as_type   shift, and go to state 19
    left_paren       shift, and go to state 53
    left_quad_brace  shift, and go to state 54
    plus             shift, and go to state 55
    minus            shift, and go to state 56
    number           shift, and go to state 57
    identifier       shift, and go to state 58
    string           shift, and go to state 59

    pine_type     go to state 31
    dot_expr      go to state 60
    ternary_expr  go to state 61
    expr          go to state 158


State 90

  101 compound_assign_stmt: dot_expr multiply_and_assign • expr

    logical_not      shift, and go to state 51
    bitwise_not      shift, and go to state 52
    int_type         shift, and go to state 15
    bool_type        shift, and go to state 16
    float_type       shift, and go to state 17
    color_type       shift, and go to state 18
    string_as_type   shift, and go to state 19
    left_paren       shift, and go to state 53
    left_quad_brace  shift, and go to state 54
    plus             shift, and go to state 55
    minus            shift, and go to state 56
    number           shift, and go to state 57
    identifier       shift, and go to state 58
    string           shift, and go to state 59

    pine_type     go to state 31
    dot_expr      go to state 60
    ternary_expr  go to state 61
    expr          go to state 159


State 91

  102 compound_assign_stmt: dot_expr divide_and_assign • expr

    logical_not      shift, and go to state 51
    bitwise_not      shift, and go to state 52
    int_type         shift, and go to state 15
    bool_type        shift, and go to state 16
    float_type       shift, and go to state 17
    color_type       shift, and go to state 18
    string_as_type   shift, and go to state 19
    left_paren       shift, and go to state 53
    left_quad_brace  shift, and go to state 54
    plus             shift, and go to state 55
    minus            shift, and go to state 56
    number           shift, and go to state 57
    identifier       shift, and go to state 58
    string           shift, and go to state 59

    pine_type     go to state 31
    dot_expr      go to state 60
    ternary_expr  go to state 61
    expr          go to state 160


State 92

  103 compound_assign_stmt: dot_expr remind_and_assign • expr

    logical_not      shift, and go to state 51
    bitwise_not      shift, and go to state 52
    int_type         shift, and go to state 15
    bool_type        shift, and go to state 16
    float_type       shift, and go to state 17
    color_type       shift, and go to state 18
    string_as_type   shift, and go to state 19
    left_paren       shift, and go to state 53
    left_quad_brace  shift, and go to state 54
    plus             shift, and go to state 55
    minus            shift, and go to state 56
    number           shift, and go to state 57
    identifier       shift, and go to state 58
    string           shift, and go to state 59

    pine_type     go to state 31
    dot_expr      go to state 60
    ternary_expr  go to state 61
    expr          go to state 161


State 93

   31 indicator_stmt: indicator_function left_paren string • right_paren

    right_paren  shift, and go to state 162


State 94

   32 strategy_stmt: strategy_function left_paren string • right_paren

    right_paren  shift, and go to state 163


State 95

   33 if_stmt: if_statement left_paren expr • right_paren if_body
   34        | if_statement left_paren expr • right_paren if_body else_statement if_body
  110 expr: expr • plus expr
  111     | expr • minus expr
  112     | expr • multiply expr
  113     | expr • divide expr
  114     | expr • divide_with_remind expr
  115     | expr • logical_and expr
  116     | expr • logical_or expr
  117     | expr • equals expr
  118     | expr • dont_equal expr
  119     | expr • greater_than expr
  120     | expr • lesser_than expr
  121     | expr • greater_than_or_equals expr
  122     | expr • lesser_than_or_equals expr
  123     | expr • bitwise_and expr
  124     | expr • bitwise_or expr
  125     | expr • bitwise_xor expr
  126     | expr • bitwise_shift_to_left expr
  127     | expr • bitwise_shift_to_right expr
  133     | expr • left_quad_brace expr right_quad_brace

    logical_and             shift, and go to state 104
    logical_or              shift, and go to state 105
    dont_equal              shift, and go to state 106
    bitwise_and             shift, and go to state 107
    bitwise_or              shift, and go to state 108
    bitwise_xor             shift, and go to state 109
    bitwise_shift_to_left   shift, and go to state 110
    bitwise_shift_to_right  shift, and go to state 111
    right_paren             shift, and go to state 164
    left_quad_brace         shift, and go to state 112
    equals                  shift, and go to state 113
    greater_than            shift, and go to state 114
    lesser_than             shift, and go to state 115
    plus                    shift, and go to state 116
    minus                   shift, and go to state 117
    multiply                shift, and go to state 118
    divide                  shift, and go to state 119
    divide_with_remind      shift, and go to state 120
    greater_than_or_equals  shift, and go to state 121
    lesser_than_or_equals   shift, and go to state 122


State 96

   35 for_stmt: for_statement left_paren identifier • assign expr to expr right_paren block
   36         | for_statement left_paren identifier • assign expr to expr step expr right_paren block
   55 pine_type: identifier •
  104 ternary_expr: identifier • question_sign expr colon expr
  136 expr: identifier •

    question_sign  shift, and go to state 71
    assign         shift, and go to state 165

    dot       reduce using rule 55 (pine_type)
    $default  reduce using rule 136 (expr)


State 97

   37 for_stmt: for_statement left_paren expr • right_paren block
  110 expr: expr • plus expr
  111     | expr • minus expr
  112     | expr • multiply expr
  113     | expr • divide expr
  114     | expr • divide_with_remind expr
  115     | expr • logical_and expr
  116     | expr • logical_or expr
  117     | expr • equals expr
  118     | expr • dont_equal expr
  119     | expr • greater_than expr
  120     | expr • lesser_than expr
  121     | expr • greater_than_or_equals expr
  122     | expr • lesser_than_or_equals expr
  123     | expr • bitwise_and expr
  124     | expr • bitwise_or expr
  125     | expr • bitwise_xor expr
  126     | expr • bitwise_shift_to_left expr
  127     | expr • bitwise_shift_to_right expr
  133     | expr • left_quad_brace expr right_quad_brace

    logical_and             shift, and go to state 104
    logical_or              shift, and go to state 105
    dont_equal              shift, and go to state 106
    bitwise_and             shift, and go to state 107
    bitwise_or              shift, and go to state 108
    bitwise_xor             shift, and go to state 109
    bitwise_shift_to_left   shift, and go to state 110
    bitwise_shift_to_right  shift, and go to state 111
    right_paren             shift, and go to state 166
    left_quad_brace         shift, and go to state 112
    equals                  shift, and go to state 113
    greater_than            shift, and go to state 114
    lesser_than             shift, and go to state 115
    plus                    shift, and go to state 116
    minus                   shift, and go to state 117
    multiply                shift, and go to state 118
    divide                  shift, and go to state 119
    divide_with_remind      shift, and go to state 120
    greater_than_or_equals  shift, and go to state 121
    lesser_than_or_equals   shift, and go to state 122


State 98

  110 expr: expr • plus expr
  111     | expr • minus expr
  112     | expr • multiply expr
  113     | expr • divide expr
  114     | expr • divide_with_remind expr
  115     | expr • logical_and expr
  116     | expr • logical_or expr
  117     | expr • equals expr
  118     | expr • dont_equal expr
  119     | expr • greater_than expr
  120     | expr • lesser_than expr
  121     | expr • greater_than_or_equals expr
  122     | expr • lesser_than_or_equals expr
  123     | expr • bitwise_and expr
  124     | expr • bitwise_or expr
  125     | expr • bitwise_xor expr
  126     | expr • bitwise_shift_to_left expr
  127     | expr • bitwise_shift_to_right expr
  128     | logical_not expr •
  133     | expr • left_quad_brace expr right_quad_brace

    left_quad_brace  shift, and go to state 112

    $default  reduce using rule 128 (expr)


State 99

  110 expr: expr • plus expr
  111     | expr • minus expr
  112     | expr • multiply expr
  113     | expr • divide expr
  114     | expr • divide_with_remind expr
  115     | expr • logical_and expr
  116     | expr • logical_or expr
  117     | expr • equals expr
  118     | expr • dont_equal expr
  119     | expr • greater_than expr
  120     | expr • lesser_than expr
  121     | expr • greater_than_or_equals expr
  122     | expr • lesser_than_or_equals expr
  123     | expr • bitwise_and expr
  124     | expr • bitwise_or expr
  125     | expr • bitwise_xor expr
  126     | expr • bitwise_shift_to_left expr
  127     | expr • bitwise_shift_to_right expr
  129     | bitwise_not expr •
  133     | expr • left_quad_brace expr right_quad_brace

    left_quad_brace  shift, and go to state 112

    $default  reduce using rule 129 (expr)


State 100

  106 ternary_expr: left_paren expr • right_paren question_sign expr colon expr
  110 expr: expr • plus expr
  111     | expr • minus expr
  112     | expr • multiply expr
  113     | expr • divide expr
  114     | expr • divide_with_remind expr
  115     | expr • logical_and expr
  116     | expr • logical_or expr
  117     | expr • equals expr
  118     | expr • dont_equal expr
  119     | expr • greater_than expr
  120     | expr • lesser_than expr
  121     | expr • greater_than_or_equals expr
  122     | expr • lesser_than_or_equals expr
  123     | expr • bitwise_and expr
  124     | expr • bitwise_or expr
  125     | expr • bitwise_xor expr
  126     | expr • bitwise_shift_to_left expr
  127     | expr • bitwise_shift_to_right expr
  132     | left_paren expr • right_paren
  133     | expr • left_quad_brace expr right_quad_brace

    logical_and             shift, and go to state 104
    logical_or              shift, and go to state 105
    dont_equal              shift, and go to state 106
    bitwise_and             shift, and go to state 107
    bitwise_or              shift, and go to state 108
    bitwise_xor             shift, and go to state 109
    bitwise_shift_to_left   shift, and go to state 110
    bitwise_shift_to_right  shift, and go to state 111
    right_paren             shift, and go to state 167
    left_quad_brace         shift, and go to state 112
    equals                  shift, and go to state 113
    greater_than            shift, and go to state 114
    lesser_than             shift, and go to state 115
    plus                    shift, and go to state 116
    minus                   shift, and go to state 117
    multiply                shift, and go to state 118
    divide                  shift, and go to state 119
    divide_with_remind      shift, and go to state 120
    greater_than_or_equals  shift, and go to state 121
    lesser_than_or_equals   shift, and go to state 122


State 101

  110 expr: expr • plus expr
  111     | expr • minus expr
  112     | expr • multiply expr
  113     | expr • divide expr
  114     | expr • divide_with_remind expr
  115     | expr • logical_and expr
  116     | expr • logical_or expr
  117     | expr • equals expr
  118     | expr • dont_equal expr
  119     | expr • greater_than expr
  120     | expr • lesser_than expr
  121     | expr • greater_than_or_equals expr
  122     | expr • lesser_than_or_equals expr
  123     | expr • bitwise_and expr
  124     | expr • bitwise_or expr
  125     | expr • bitwise_xor expr
  126     | expr • bitwise_shift_to_left expr
  127     | expr • bitwise_shift_to_right expr
  133     | expr • left_quad_brace expr right_quad_brace
  134     | left_quad_brace expr • right_quad_brace

    logical_and             shift, and go to state 104
    logical_or              shift, and go to state 105
    dont_equal              shift, and go to state 106
    bitwise_and             shift, and go to state 107
    bitwise_or              shift, and go to state 108
    bitwise_xor             shift, and go to state 109
    bitwise_shift_to_left   shift, and go to state 110
    bitwise_shift_to_right  shift, and go to state 111
    left_quad_brace         shift, and go to state 112
    right_quad_brace        shift, and go to state 168
    equals                  shift, and go to state 113
    greater_than            shift, and go to state 114
    lesser_than             shift, and go to state 115
    plus                    shift, and go to state 116
    minus                   shift, and go to state 117
    multiply                shift, and go to state 118
    divide                  shift, and go to state 119
    divide_with_remind      shift, and go to state 120
    greater_than_or_equals  shift, and go to state 121
    lesser_than_or_equals   shift, and go to state 122


State 102

  110 expr: expr • plus expr
  111     | expr • minus expr
  112     | expr • multiply expr
  113     | expr • divide expr
  114     | expr • divide_with_remind expr
  115     | expr • logical_and expr
  116     | expr • logical_or expr
  117     | expr • equals expr
  118     | expr • dont_equal expr
  119     | expr • greater_than expr
  120     | expr • lesser_than expr
  121     | expr • greater_than_or_equals expr
  122     | expr • lesser_than_or_equals expr
  123     | expr • bitwise_and expr
  124     | expr • bitwise_or expr
  125     | expr • bitwise_xor expr
  126     | expr • bitwise_shift_to_left expr
  127     | expr • bitwise_shift_to_right expr
  131     | plus expr •
  133     | expr • left_quad_brace expr right_quad_brace

    left_quad_brace  shift, and go to state 112

    $default  reduce using rule 131 (expr)


State 103

  110 expr: expr • plus expr
  111     | expr • minus expr
  112     | expr • multiply expr
  113     | expr • divide expr
  114     | expr • divide_with_remind expr
  115     | expr • logical_and expr
  116     | expr • logical_or expr
  117     | expr • equals expr
  118     | expr • dont_equal expr
  119     | expr • greater_than expr
  120     | expr • lesser_than expr
  121     | expr • greater_than_or_equals expr
  122     | expr • lesser_than_or_equals expr
  123     | expr • bitwise_and expr
  124     | expr • bitwise_or expr
  125     | expr • bitwise_xor expr
  126     | expr • bitwise_shift_to_left expr
  127     | expr • bitwise_shift_to_right expr
  130     | minus expr •
  133     | expr • left_quad_brace expr right_quad_brace

    left_quad_brace  shift, and go to state 112

    $default  reduce using rule 130 (expr)


State 104

  115 expr: expr logical_and • expr

    logical_not      shift, and go to state 51
    bitwise_not      shift, and go to state 52
    int_type         shift, and go to state 15
    bool_type        shift, and go to state 16
    float_type       shift, and go to state 17
    color_type       shift, and go to state 18
    string_as_type   shift, and go to state 19
    left_paren       shift, and go to state 53
    left_quad_brace  shift, and go to state 54
    plus             shift, and go to state 55
    minus            shift, and go to state 56
    number           shift, and go to state 57
    identifier       shift, and go to state 58
    string           shift, and go to state 59

    pine_type     go to state 31
    dot_expr      go to state 60
    ternary_expr  go to state 61
    expr          go to state 169


State 105

  116 expr: expr logical_or • expr

    logical_not      shift, and go to state 51
    bitwise_not      shift, and go to state 52
    int_type         shift, and go to state 15
    bool_type        shift, and go to state 16
    float_type       shift, and go to state 17
    color_type       shift, and go to state 18
    string_as_type   shift, and go to state 19
    left_paren       shift, and go to state 53
    left_quad_brace  shift, and go to state 54
    plus             shift, and go to state 55
    minus            shift, and go to state 56
    number           shift, and go to state 57
    identifier       shift, and go to state 58
    string           shift, and go to state 59

    pine_type     go to state 31
    dot_expr      go to state 60
    ternary_expr  go to state 61
    expr          go to state 170


State 106

  118 expr: expr dont_equal • expr

    logical_not      shift, and go to state 51
    bitwise_not      shift, and go to state 52
    int_type         shift, and go to state 15
    bool_type        shift, and go to state 16
    float_type       shift, and go to state 17
    color_type       shift, and go to state 18
    string_as_type   shift, and go to state 19
    left_paren       shift, and go to state 53
    left_quad_brace  shift, and go to state 54
    plus             shift, and go to state 55
    minus            shift, and go to state 56
    number           shift, and go to state 57
    identifier       shift, and go to state 58
    string           shift, and go to state 59

    pine_type     go to state 31
    dot_expr      go to state 60
    ternary_expr  go to state 61
    expr          go to state 171


State 107

  123 expr: expr bitwise_and • expr

    logical_not      shift, and go to state 51
    bitwise_not      shift, and go to state 52
    int_type         shift, and go to state 15
    bool_type        shift, and go to state 16
    float_type       shift, and go to state 17
    color_type       shift, and go to state 18
    string_as_type   shift, and go to state 19
    left_paren       shift, and go to state 53
    left_quad_brace  shift, and go to state 54
    plus             shift, and go to state 55
    minus            shift, and go to state 56
    number           shift, and go to state 57
    identifier       shift, and go to state 58
    string           shift, and go to state 59

    pine_type     go to state 31
    dot_expr      go to state 60
    ternary_expr  go to state 61
    expr          go to state 172


State 108

  124 expr: expr bitwise_or • expr

    logical_not      shift, and go to state 51
    bitwise_not      shift, and go to state 52
    int_type         shift, and go to state 15
    bool_type        shift, and go to state 16
    float_type       shift, and go to state 17
    color_type       shift, and go to state 18
    string_as_type   shift, and go to state 19
    left_paren       shift, and go to state 53
    left_quad_brace  shift, and go to state 54
    plus             shift, and go to state 55
    minus            shift, and go to state 56
    number           shift, and go to state 57
    identifier       shift, and go to state 58
    string           shift, and go to state 59

    pine_type     go to state 31
    dot_expr      go to state 60
    ternary_expr  go to state 61
    expr          go to state 173


State 109

  125 expr: expr bitwise_xor • expr

    logical_not      shift, and go to state 51
    bitwise_not      shift, and go to state 52
    int_type         shift, and go to state 15
    bool_type        shift, and go to state 16
    float_type       shift, and go to state 17
    color_type       shift, and go to state 18
    string_as_type   shift, and go to state 19
    left_paren       shift, and go to state 53
    left_quad_brace  shift, and go to state 54
    plus             shift, and go to state 55
    minus            shift, and go to state 56
    number           shift, and go to state 57
    identifier       shift, and go to state 58
    string           shift, and go to state 59

    pine_type     go to state 31
    dot_expr      go to state 60
    ternary_expr  go to state 61
    expr          go to state 174


State 110

  126 expr: expr bitwise_shift_to_left • expr

    logical_not      shift, and go to state 51
    bitwise_not      shift, and go to state 52
    int_type         shift, and go to state 15
    bool_type        shift, and go to state 16
    float_type       shift, and go to state 17
    color_type       shift, and go to state 18
    string_as_type   shift, and go to state 19
    left_paren       shift, and go to state 53
    left_quad_brace  shift, and go to state 54
    plus             shift, and go to state 55
    minus            shift, and go to state 56
    number           shift, and go to state 57
    identifier       shift, and go to state 58
    string           shift, and go to state 59

    pine_type     go to state 31
    dot_expr      go to state 60
    ternary_expr  go to state 61
    expr          go to state 175


State 111

  127 expr: expr bitwise_shift_to_right • expr

    logical_not      shift, and go to state 51
    bitwise_not      shift, and go to state 52
    int_type         shift, and go to state 15
    bool_type        shift, and go to state 16
    float_type       shift, and go to state 17
    color_type       shift, and go to state 18
    string_as_type   shift, and go to state 19
    left_paren       shift, and go to state 53
    left_quad_brace  shift, and go to state 54
    plus             shift, and go to state 55
    minus            shift, and go to state 56
    number           shift, and go to state 57
    identifier       shift, and go to state 58
    string           shift, and go to state 59

    pine_type     go to state 31
    dot_expr      go to state 60
    ternary_expr  go to state 61
    expr          go to state 176


State 112

  133 expr: expr left_quad_brace • expr right_quad_brace

    logical_not      shift, and go to state 51
    bitwise_not      shift, and go to state 52
    int_type         shift, and go to state 15
    bool_type        shift, and go to state 16
    float_type       shift, and go to state 17
    color_type       shift, and go to state 18
    string_as_type   shift, and go to state 19
    left_paren       shift, and go to state 53
    left_quad_brace  shift, and go to state 54
    plus             shift, and go to state 55
    minus            shift, and go to state 56
    number           shift, and go to state 57
    identifier       shift, and go to state 58
    string           shift, and go to state 59

    pine_type     go to state 31
    dot_expr      go to state 60
    ternary_expr  go to state 61
    expr          go to state 177


State 113

  117 expr: expr equals • expr

    logical_not      shift, and go to state 51
    bitwise_not      shift, and go to state 52
    int_type         shift, and go to state 15
    bool_type        shift, and go to state 16
    float_type       shift, and go to state 17
    color_type       shift, and go to state 18
    string_as_type   shift, and go to state 19
    left_paren       shift, and go to state 53
    left_quad_brace  shift, and go to state 54
    plus             shift, and go to state 55
    minus            shift, and go to state 56
    number           shift, and go to state 57
    identifier       shift, and go to state 58
    string           shift, and go to state 59

    pine_type     go to state 31
    dot_expr      go to state 60
    ternary_expr  go to state 61
    expr          go to state 178


State 114

  119 expr: expr greater_than • expr

    logical_not      shift, and go to state 51
    bitwise_not      shift, and go to state 52
    int_type         shift, and go to state 15
    bool_type        shift, and go to state 16
    float_type       shift, and go to state 17
    color_type       shift, and go to state 18
    string_as_type   shift, and go to state 19
    left_paren       shift, and go to state 53
    left_quad_brace  shift, and go to state 54
    plus             shift, and go to state 55
    minus            shift, and go to state 56
    number           shift, and go to state 57
    identifier       shift, and go to state 58
    string           shift, and go to state 59

    pine_type     go to state 31
    dot_expr      go to state 60
    ternary_expr  go to state 61
    expr          go to state 179


State 115

  120 expr: expr lesser_than • expr

    logical_not      shift, and go to state 51
    bitwise_not      shift, and go to state 52
    int_type         shift, and go to state 15
    bool_type        shift, and go to state 16
    float_type       shift, and go to state 17
    color_type       shift, and go to state 18
    string_as_type   shift, and go to state 19
    left_paren       shift, and go to state 53
    left_quad_brace  shift, and go to state 54
    plus             shift, and go to state 55
    minus            shift, and go to state 56
    number           shift, and go to state 57
    identifier       shift, and go to state 58
    string           shift, and go to state 59

    pine_type     go to state 31
    dot_expr      go to state 60
    ternary_expr  go to state 61
    expr          go to state 180


State 116

  110 expr: expr plus • expr

    logical_not      shift, and go to state 51
    bitwise_not      shift, and go to state 52
    int_type         shift, and go to state 15
    bool_type        shift, and go to state 16
    float_type       shift, and go to state 17
    color_type       shift, and go to state 18
    string_as_type   shift, and go to state 19
    left_paren       shift, and go to state 53
    left_quad_brace  shift, and go to state 54
    plus             shift, and go to state 55
    minus            shift, and go to state 56
    number           shift, and go to state 57
    identifier       shift, and go to state 58
    string           shift, and go to state 59

    pine_type     go to state 31
    dot_expr      go to state 60
    ternary_expr  go to state 61
    expr          go to state 181


State 117

  111 expr: expr minus • expr

    logical_not      shift, and go to state 51
    bitwise_not      shift, and go to state 52
    int_type         shift, and go to state 15
    bool_type        shift, and go to state 16
    float_type       shift, and go to state 17
    color_type       shift, and go to state 18
    string_as_type   shift, and go to state 19
    left_paren       shift, and go to state 53
    left_quad_brace  shift, and go to state 54
    plus             shift, and go to state 55
    minus            shift, and go to state 56
    number           shift, and go to state 57
    identifier       shift, and go to state 58
    string           shift, and go to state 59

    pine_type     go to state 31
    dot_expr      go to state 60
    ternary_expr  go to state 61
    expr          go to state 182


State 118

  112 expr: expr multiply • expr

    logical_not      shift, and go to state 51
    bitwise_not      shift, and go to state 52
    int_type         shift, and go to state 15
    bool_type        shift, and go to state 16
    float_type       shift, and go to state 17
    color_type       shift, and go to state 18
    string_as_type   shift, and go to state 19
    left_paren       shift, and go to state 53
    left_quad_brace  shift, and go to state 54
    plus             shift, and go to state 55
    minus            shift, and go to state 56
    number           shift, and go to state 57
    identifier       shift, and go to state 58
    string           shift, and go to state 59

    pine_type     go to state 31
    dot_expr      go to state 60
    ternary_expr  go to state 61
    expr          go to state 183


State 119

  113 expr: expr divide • expr

    logical_not      shift, and go to state 51
    bitwise_not      shift, and go to state 52
    int_type         shift, and go to state 15
    bool_type        shift, and go to state 16
    float_type       shift, and go to state 17
    color_type       shift, and go to state 18
    string_as_type   shift, and go to state 19
    left_paren       shift, and go to state 53
    left_quad_brace  shift, and go to state 54
    plus             shift, and go to state 55
    minus            shift, and go to state 56
    number           shift, and go to state 57
    identifier       shift, and go to state 58
    string           shift, and go to state 59

    pine_type     go to state 31
    dot_expr      go to state 60
    ternary_expr  go to state 61
    expr          go to state 184


State 120

  114 expr: expr divide_with_remind • expr

    logical_not      shift, and go to state 51
    bitwise_not      shift, and go to state 52
    int_type         shift, and go to state 15
    bool_type        shift, and go to state 16
    float_type       shift, and go to state 17
    color_type       shift, and go to state 18
    string_as_type   shift, and go to state 19
    left_paren       shift, and go to state 53
    left_quad_brace  shift, and go to state 54
    plus             shift, and go to state 55
    minus            shift, and go to state 56
    number           shift, and go to state 57
    identifier       shift, and go to state 58
    string           shift, and go to state 59

    pine_type     go to state 31
    dot_expr      go to state 60
    ternary_expr  go to state 61
    expr          go to state 185


State 121

  121 expr: expr greater_than_or_equals • expr

    logical_not      shift, and go to state 51
    bitwise_not      shift, and go to state 52
    int_type         shift, and go to state 15
    bool_type        shift, and go to state 16
    float_type       shift, and go to state 17
    color_type       shift, and go to state 18
    string_as_type   shift, and go to state 19
    left_paren       shift, and go to state 53
    left_quad_brace  shift, and go to state 54
    plus             shift, and go to state 55
    minus            shift, and go to state 56
    number           shift, and go to state 57
    identifier       shift, and go to state 58
    string           shift, and go to state 59

    pine_type     go to state 31
    dot_expr      go to state 60
    ternary_expr  go to state 61
    expr          go to state 186


State 122

  122 expr: expr lesser_than_or_equals • expr

    logical_not      shift, and go to state 51
    bitwise_not      shift, and go to state 52
    int_type         shift, and go to state 15
    bool_type        shift, and go to state 16
    float_type       shift, and go to state 17
    color_type       shift, and go to state 18
    string_as_type   shift, and go to state 19
    left_paren       shift, and go to state 53
    left_quad_brace  shift, and go to state 54
    plus             shift, and go to state 55
    minus            shift, and go to state 56
    number           shift, and go to state 57
    identifier       shift, and go to state 58
    string           shift, and go to state 59

    pine_type     go to state 31
    dot_expr      go to state 60
    ternary_expr  go to state 61
    expr          go to state 187


State 123

   38 while_stmt: while_statement left_paren expr • right_paren block
  110 expr: expr • plus expr
  111     | expr • minus expr
  112     | expr • multiply expr
  113     | expr • divide expr
  114     | expr • divide_with_remind expr
  115     | expr • logical_and expr
  116     | expr • logical_or expr
  117     | expr • equals expr
  118     | expr • dont_equal expr
  119     | expr • greater_than expr
  120     | expr • lesser_than expr
  121     | expr • greater_than_or_equals expr
  122     | expr • lesser_than_or_equals expr
  123     | expr • bitwise_and expr
  124     | expr • bitwise_or expr
  125     | expr • bitwise_xor expr
  126     | expr • bitwise_shift_to_left expr
  127     | expr • bitwise_shift_to_right expr
  133     | expr • left_quad_brace expr right_quad_brace

    logical_and             shift, and go to state 104
    logical_or              shift, and go to state 105
    dont_equal              shift, and go to state 106
    bitwise_and             shift, and go to state 107
    bitwise_or              shift, and go to state 108
    bitwise_xor             shift, and go to state 109
    bitwise_shift_to_left   shift, and go to state 110
    bitwise_shift_to_right  shift, and go to state 111
    right_paren             shift, and go to state 188
    left_quad_brace         shift, and go to state 112
    equals                  shift, and go to state 113
    greater_than            shift, and go to state 114
    lesser_than             shift, and go to state 115
    plus                    shift, and go to state 116
    minus                   shift, and go to state 117
    multiply                shift, and go to state 118
    divide                  shift, and go to state 119
    divide_with_remind      shift, and go to state 120
    greater_than_or_equals  shift, and go to state 121
    lesser_than_or_equals   shift, and go to state 122


State 124

   59 switch_stmt: switch_statement left_paren expr • right_paren left_brace case_list default_case right_brace
  110 expr: expr • plus expr
  111     | expr • minus expr
  112     | expr • multiply expr
  113     | expr • divide expr
  114     | expr • divide_with_remind expr
  115     | expr • logical_and expr
  116     | expr • logical_or expr
  117     | expr • equals expr
  118     | expr • dont_equal expr
  119     | expr • greater_than expr
  120     | expr • lesser_than expr
  121     | expr • greater_than_or_equals expr
  122     | expr • lesser_than_or_equals expr
  123     | expr • bitwise_and expr
  124     | expr • bitwise_or expr
  125     | expr • bitwise_xor expr
  126     | expr • bitwise_shift_to_left expr
  127     | expr • bitwise_shift_to_right expr
  133     | expr • left_quad_brace expr right_quad_brace

    logical_and             shift, and go to state 104
    logical_or              shift, and go to state 105
    dont_equal              shift, and go to state 106
    bitwise_and             shift, and go to state 107
    bitwise_or              shift, and go to state 108
    bitwise_xor             shift, and go to state 109
    bitwise_shift_to_left   shift, and go to state 110
    bitwise_shift_to_right  shift, and go to state 111
    right_paren             shift, and go to state 189
    left_quad_brace         shift, and go to state 112
    equals                  shift, and go to state 113
    greater_than            shift, and go to state 114
    lesser_than             shift, and go to state 115
    plus                    shift, and go to state 116
    minus                   shift, and go to state 117
    multiply                shift, and go to state 118
    divide                  shift, and go to state 119
    divide_with_remind      shift, and go to state 120
    greater_than_or_equals  shift, and go to state 121
    lesser_than_or_equals   shift, and go to state 122


State 125

   75 var_stmt: var identifier assign • expr
   76         | var identifier assign • call_arg_stmt

    logical_not      shift, and go to state 51
    bitwise_not      shift, and go to state 52
    int_type         shift, and go to state 15
    bool_type        shift, and go to state 16
    float_type       shift, and go to state 17
    color_type       shift, and go to state 18
    string_as_type   shift, and go to state 19
    left_paren       shift, and go to state 53
    left_quad_brace  shift, and go to state 54
    plus             shift, and go to state 55
    minus            shift, and go to state 56
    number           shift, and go to state 57
    identifier       shift, and go to state 139
    string           shift, and go to state 59

    pine_type      go to state 31
    dot_expr       go to state 140
    call_arg_stmt  go to state 190
    ternary_expr   go to state 61
    expr           go to state 191


State 126

   77 varip_stmt: varip identifier assign • expr
   79           | varip identifier assign • call_arg_stmt

    logical_not      shift, and go to state 51
    bitwise_not      shift, and go to state 52
    int_type         shift, and go to state 15
    bool_type        shift, and go to state 16
    float_type       shift, and go to state 17
    color_type       shift, and go to state 18
    string_as_type   shift, and go to state 19
    left_paren       shift, and go to state 53
    left_quad_brace  shift, and go to state 54
    plus             shift, and go to state 55
    minus            shift, and go to state 56
    number           shift, and go to state 57
    identifier       shift, and go to state 139
    string           shift, and go to state 59

    pine_type      go to state 31
    dot_expr       go to state 140
    call_arg_stmt  go to state 192
    ternary_expr   go to state 61
    expr           go to state 193


State 127

   80 const_stmt: const_statement identifier assign • expr
   81           | const_statement identifier assign • call_arg_stmt

    logical_not      shift, and go to state 51
    bitwise_not      shift, and go to state 52
    int_type         shift, and go to state 15
    bool_type        shift, and go to state 16
    float_type       shift, and go to state 17
    color_type       shift, and go to state 18
    string_as_type   shift, and go to state 19
    left_paren       shift, and go to state 53
    left_quad_brace  shift, and go to state 54
    plus             shift, and go to state 55
    minus            shift, and go to state 56
    number           shift, and go to state 57
    identifier       shift, and go to state 139
    string           shift, and go to state 59

    pine_type      go to state 31
    dot_expr       go to state 140
    call_arg_stmt  go to state 194
    ternary_expr   go to state 61
    expr           go to state 195


State 128

   83 simple_stmt: simple identifier assign • expr
   84            | simple identifier assign • call_arg_stmt

    logical_not      shift, and go to state 51
    bitwise_not      shift, and go to state 52
    int_type         shift, and go to state 15
    bool_type        shift, and go to state 16
    float_type       shift, and go to state 17
    color_type       shift, and go to state 18
    string_as_type   shift, and go to state 19
    left_paren       shift, and go to state 53
    left_quad_brace  shift, and go to state 54
    plus             shift, and go to state 55
    minus            shift, and go to state 56
    number           shift, and go to state 57
    identifier       shift, and go to state 139
    string           shift, and go to state 59

    pine_type      go to state 31
    dot_expr       go to state 140
    call_arg_stmt  go to state 196
    ternary_expr   go to state 61
    expr           go to state 197


State 129

  106 ternary_expr: left_paren expr right_paren • question_sign expr colon expr

    question_sign  shift, and go to state 198


State 130

  104 ternary_expr: identifier question_sign expr • colon expr
  110 expr: expr • plus expr
  111     | expr • minus expr
  112     | expr • multiply expr
  113     | expr • divide expr
  114     | expr • divide_with_remind expr
  115     | expr • logical_and expr
  116     | expr • logical_or expr
  117     | expr • equals expr
  118     | expr • dont_equal expr
  119     | expr • greater_than expr
  120     | expr • lesser_than expr
  121     | expr • greater_than_or_equals expr
  122     | expr • lesser_than_or_equals expr
  123     | expr • bitwise_and expr
  124     | expr • bitwise_or expr
  125     | expr • bitwise_xor expr
  126     | expr • bitwise_shift_to_left expr
  127     | expr • bitwise_shift_to_right expr
  133     | expr • left_quad_brace expr right_quad_brace

    logical_and             shift, and go to state 104
    logical_or              shift, and go to state 105
    dont_equal              shift, and go to state 106
    bitwise_and             shift, and go to state 107
    bitwise_or              shift, and go to state 108
    bitwise_xor             shift, and go to state 109
    bitwise_shift_to_left   shift, and go to state 110
    bitwise_shift_to_right  shift, and go to state 111
    left_quad_brace         shift, and go to state 112
    equals                  shift, and go to state 113
    greater_than            shift, and go to state 114
    lesser_than             shift, and go to state 115
    plus                    shift, and go to state 116
    minus                   shift, and go to state 117
    multiply                shift, and go to state 118
    divide                  shift, and go to state 119
    divide_with_remind      shift, and go to state 120
    greater_than_or_equals  shift, and go to state 121
    lesser_than_or_equals   shift, and go to state 122
    colon                   shift, and go to state 199


State 131

   69 call_arg_stmt: identifier left_paren call_list • right_paren
   72 call_list: call_list • comma call_stmt

    right_paren  shift, and go to state 200
    comma        shift, and go to state 201


State 132

   71 call_list: call_stmt •

    $default  reduce using rule 71 (call_list)


State 133

   74 call_stmt: expr •
  110 expr: expr • plus expr
  111     | expr • minus expr
  112     | expr • multiply expr
  113     | expr • divide expr
  114     | expr • divide_with_remind expr
  115     | expr • logical_and expr
  116     | expr • logical_or expr
  117     | expr • equals expr
  118     | expr • dont_equal expr
  119     | expr • greater_than expr
  120     | expr • lesser_than expr
  121     | expr • greater_than_or_equals expr
  122     | expr • lesser_than_or_equals expr
  123     | expr • bitwise_and expr
  124     | expr • bitwise_or expr
  125     | expr • bitwise_xor expr
  126     | expr • bitwise_shift_to_left expr
  127     | expr • bitwise_shift_to_right expr
  133     | expr • left_quad_brace expr right_quad_brace

    logical_and             shift, and go to state 104
    logical_or              shift, and go to state 105
    dont_equal              shift, and go to state 106
    bitwise_and             shift, and go to state 107
    bitwise_or              shift, and go to state 108
    bitwise_xor             shift, and go to state 109
    bitwise_shift_to_left   shift, and go to state 110
    bitwise_shift_to_right  shift, and go to state 111
    left_quad_brace         shift, and go to state 112
    equals                  shift, and go to state 113
    greater_than            shift, and go to state 114
    lesser_than             shift, and go to state 115
    plus                    shift, and go to state 116
    minus                   shift, and go to state 117
    multiply                shift, and go to state 118
    divide                  shift, and go to state 119
    divide_with_remind      shift, and go to state 120
    greater_than_or_equals  shift, and go to state 121
    lesser_than_or_equals   shift, and go to state 122

    $default  reduce using rule 74 (call_stmt)


State 134

   55 pine_type: identifier •

    $default  reduce using rule 55 (pine_type)


State 135

   39 func_stmt: identifier func_paren opt_arg_list • func_paren block

    func_paren  shift, and go to state 202


State 136

   40 opt_arg_list: arg_list •
   42 arg_list: arg_list • comma func_type

    comma  shift, and go to state 203

    $default  reduce using rule 40 (opt_arg_list)


State 137

   43 arg_list: func_type •

    $default  reduce using rule 43 (arg_list)


State 138

   44 func_type: pine_type • identifier
   45          | pine_type •
   46          | pine_type • dot pine_type identifier
   47          | pine_type • dot pine_type
   48          | pine_type • lesser_than func_type greater_than identifier
   49          | pine_type • dot pine_type lesser_than func_type greater_than identifier

    lesser_than  shift, and go to state 204
    dot          shift, and go to state 205
    identifier   shift, and go to state 206

    $default  reduce using rule 45 (func_type)


State 139

   55 pine_type: identifier •
   69 call_arg_stmt: identifier • left_paren call_list right_paren
  104 ternary_expr: identifier • question_sign expr colon expr
  136 expr: identifier •

    question_sign  shift, and go to state 71
    left_paren     shift, and go to state 72

    dot       reduce using rule 55 (pine_type)
    $default  reduce using rule 136 (expr)


State 140

   70 call_arg_stmt: dot_expr • left_paren call_list right_paren
  105 ternary_expr: dot_expr • question_sign expr colon expr
  135 expr: dot_expr •

    question_sign  shift, and go to state 84
    left_paren     shift, and go to state 85

    left_paren  [reduce using rule 135 (expr)]
    $default    reduce using rule 135 (expr)


State 141

   87 assignment_stmt: identifier assign call_arg_stmt •

    $default  reduce using rule 87 (assignment_stmt)


State 142

   86 assignment_stmt: identifier assign expr •
  110 expr: expr • plus expr
  111     | expr • minus expr
  112     | expr • multiply expr
  113     | expr • divide expr
  114     | expr • divide_with_remind expr
  115     | expr • logical_and expr
  116     | expr • logical_or expr
  117     | expr • equals expr
  118     | expr • dont_equal expr
  119     | expr • greater_than expr
  120     | expr • lesser_than expr
  121     | expr • greater_than_or_equals expr
  122     | expr • lesser_than_or_equals expr
  123     | expr • bitwise_and expr
  124     | expr • bitwise_or expr
  125     | expr • bitwise_xor expr
  126     | expr • bitwise_shift_to_left expr
  127     | expr • bitwise_shift_to_right expr
  133     | expr • left_quad_brace expr right_quad_brace

    logical_and             shift, and go to state 104
    logical_or              shift, and go to state 105
    dont_equal              shift, and go to state 106
    bitwise_and             shift, and go to state 107
    bitwise_or              shift, and go to state 108
    bitwise_xor             shift, and go to state 109
    bitwise_shift_to_left   shift, and go to state 110
    bitwise_shift_to_right  shift, and go to state 111
    left_quad_brace         shift, and go to state 112
    equals                  shift, and go to state 113
    greater_than            shift, and go to state 114
    lesser_than             shift, and go to state 115
    plus                    shift, and go to state 116
    minus                   shift, and go to state 117
    multiply                shift, and go to state 118
    divide                  shift, and go to state 119
    divide_with_remind      shift, and go to state 120
    greater_than_or_equals  shift, and go to state 121
    lesser_than_or_equals   shift, and go to state 122

    $default  reduce using rule 86 (assignment_stmt)


State 143

   91 assignment_re_stmt: identifier re_assign call_arg_stmt •

    $default  reduce using rule 91 (assignment_re_stmt)


State 144

   90 assignment_re_stmt: identifier re_assign expr •
  110 expr: expr • plus expr
  111     | expr • minus expr
  112     | expr • multiply expr
  113     | expr • divide expr
  114     | expr • divide_with_remind expr
  115     | expr • logical_and expr
  116     | expr • logical_or expr
  117     | expr • equals expr
  118     | expr • dont_equal expr
  119     | expr • greater_than expr
  120     | expr • lesser_than expr
  121     | expr • greater_than_or_equals expr
  122     | expr • lesser_than_or_equals expr
  123     | expr • bitwise_and expr
  124     | expr • bitwise_or expr
  125     | expr • bitwise_xor expr
  126     | expr • bitwise_shift_to_left expr
  127     | expr • bitwise_shift_to_right expr
  133     | expr • left_quad_brace expr right_quad_brace

    logical_and             shift, and go to state 104
    logical_or              shift, and go to state 105
    dont_equal              shift, and go to state 106
    bitwise_and             shift, and go to state 107
    bitwise_or              shift, and go to state 108
    bitwise_xor             shift, and go to state 109
    bitwise_shift_to_left   shift, and go to state 110
    bitwise_shift_to_right  shift, and go to state 111
    left_quad_brace         shift, and go to state 112
    equals                  shift, and go to state 113
    greater_than            shift, and go to state 114
    lesser_than             shift, and go to state 115
    plus                    shift, and go to state 116
    minus                   shift, and go to state 117
    multiply                shift, and go to state 118
    divide                  shift, and go to state 119
    divide_with_remind      shift, and go to state 120
    greater_than_or_equals  shift, and go to state 121
    lesser_than_or_equals   shift, and go to state 122

    $default  reduce using rule 90 (assignment_re_stmt)


State 145

   94 compound_assign_stmt: identifier plus_and_assign expr •
  110 expr: expr • plus expr
  111     | expr • minus expr
  112     | expr • multiply expr
  113     | expr • divide expr
  114     | expr • divide_with_remind expr
  115     | expr • logical_and expr
  116     | expr • logical_or expr
  117     | expr • equals expr
  118     | expr • dont_equal expr
  119     | expr • greater_than expr
  120     | expr • lesser_than expr
  121     | expr • greater_than_or_equals expr
  122     | expr • lesser_than_or_equals expr
  123     | expr • bitwise_and expr
  124     | expr • bitwise_or expr
  125     | expr • bitwise_xor expr
  126     | expr • bitwise_shift_to_left expr
  127     | expr • bitwise_shift_to_right expr
  133     | expr • left_quad_brace expr right_quad_brace

    logical_and             shift, and go to state 104
    logical_or              shift, and go to state 105
    dont_equal              shift, and go to state 106
    bitwise_and             shift, and go to state 107
    bitwise_or              shift, and go to state 108
    bitwise_xor             shift, and go to state 109
    bitwise_shift_to_left   shift, and go to state 110
    bitwise_shift_to_right  shift, and go to state 111
    left_quad_brace         shift, and go to state 112
    equals                  shift, and go to state 113
    greater_than            shift, and go to state 114
    lesser_than             shift, and go to state 115
    plus                    shift, and go to state 116
    minus                   shift, and go to state 117
    multiply                shift, and go to state 118
    divide                  shift, and go to state 119
    divide_with_remind      shift, and go to state 120
    greater_than_or_equals  shift, and go to state 121
    lesser_than_or_equals   shift, and go to state 122

    $default  reduce using rule 94 (compound_assign_stmt)


State 146

   95 compound_assign_stmt: identifier minus_and_assign expr •
  110 expr: expr • plus expr
  111     | expr • minus expr
  112     | expr • multiply expr
  113     | expr • divide expr
  114     | expr • divide_with_remind expr
  115     | expr • logical_and expr
  116     | expr • logical_or expr
  117     | expr • equals expr
  118     | expr • dont_equal expr
  119     | expr • greater_than expr
  120     | expr • lesser_than expr
  121     | expr • greater_than_or_equals expr
  122     | expr • lesser_than_or_equals expr
  123     | expr • bitwise_and expr
  124     | expr • bitwise_or expr
  125     | expr • bitwise_xor expr
  126     | expr • bitwise_shift_to_left expr
  127     | expr • bitwise_shift_to_right expr
  133     | expr • left_quad_brace expr right_quad_brace

    logical_and             shift, and go to state 104
    logical_or              shift, and go to state 105
    dont_equal              shift, and go to state 106
    bitwise_and             shift, and go to state 107
    bitwise_or              shift, and go to state 108
    bitwise_xor             shift, and go to state 109
    bitwise_shift_to_left   shift, and go to state 110
    bitwise_shift_to_right  shift, and go to state 111
    left_quad_brace         shift, and go to state 112
    equals                  shift, and go to state 113
    greater_than            shift, and go to state 114
    lesser_than             shift, and go to state 115
    plus                    shift, and go to state 116
    minus                   shift, and go to state 117
    multiply                shift, and go to state 118
    divide                  shift, and go to state 119
    divide_with_remind      shift, and go to state 120
    greater_than_or_equals  shift, and go to state 121
    lesser_than_or_equals   shift, and go to state 122

    $default  reduce using rule 95 (compound_assign_stmt)


State 147

   96 compound_assign_stmt: identifier multiply_and_assign expr •
  110 expr: expr • plus expr
  111     | expr • minus expr
  112     | expr • multiply expr
  113     | expr • divide expr
  114     | expr • divide_with_remind expr
  115     | expr • logical_and expr
  116     | expr • logical_or expr
  117     | expr • equals expr
  118     | expr • dont_equal expr
  119     | expr • greater_than expr
  120     | expr • lesser_than expr
  121     | expr • greater_than_or_equals expr
  122     | expr • lesser_than_or_equals expr
  123     | expr • bitwise_and expr
  124     | expr • bitwise_or expr
  125     | expr • bitwise_xor expr
  126     | expr • bitwise_shift_to_left expr
  127     | expr • bitwise_shift_to_right expr
  133     | expr • left_quad_brace expr right_quad_brace

    logical_and             shift, and go to state 104
    logical_or              shift, and go to state 105
    dont_equal              shift, and go to state 106
    bitwise_and             shift, and go to state 107
    bitwise_or              shift, and go to state 108
    bitwise_xor             shift, and go to state 109
    bitwise_shift_to_left   shift, and go to state 110
    bitwise_shift_to_right  shift, and go to state 111
    left_quad_brace         shift, and go to state 112
    equals                  shift, and go to state 113
    greater_than            shift, and go to state 114
    lesser_than             shift, and go to state 115
    plus                    shift, and go to state 116
    minus                   shift, and go to state 117
    multiply                shift, and go to state 118
    divide                  shift, and go to state 119
    divide_with_remind      shift, and go to state 120
    greater_than_or_equals  shift, and go to state 121
    lesser_than_or_equals   shift, and go to state 122

    $default  reduce using rule 96 (compound_assign_stmt)


State 148

   97 compound_assign_stmt: identifier divide_and_assign expr •
  110 expr: expr • plus expr
  111     | expr • minus expr
  112     | expr • multiply expr
  113     | expr • divide expr
  114     | expr • divide_with_remind expr
  115     | expr • logical_and expr
  116     | expr • logical_or expr
  117     | expr • equals expr
  118     | expr • dont_equal expr
  119     | expr • greater_than expr
  120     | expr • lesser_than expr
  121     | expr • greater_than_or_equals expr
  122     | expr • lesser_than_or_equals expr
  123     | expr • bitwise_and expr
  124     | expr • bitwise_or expr
  125     | expr • bitwise_xor expr
  126     | expr • bitwise_shift_to_left expr
  127     | expr • bitwise_shift_to_right expr
  133     | expr • left_quad_brace expr right_quad_brace

    logical_and             shift, and go to state 104
    logical_or              shift, and go to state 105
    dont_equal              shift, and go to state 106
    bitwise_and             shift, and go to state 107
    bitwise_or              shift, and go to state 108
    bitwise_xor             shift, and go to state 109
    bitwise_shift_to_left   shift, and go to state 110
    bitwise_shift_to_right  shift, and go to state 111
    left_quad_brace         shift, and go to state 112
    equals                  shift, and go to state 113
    greater_than            shift, and go to state 114
    lesser_than             shift, and go to state 115
    plus                    shift, and go to state 116
    minus                   shift, and go to state 117
    multiply                shift, and go to state 118
    divide                  shift, and go to state 119
    divide_with_remind      shift, and go to state 120
    greater_than_or_equals  shift, and go to state 121
    lesser_than_or_equals   shift, and go to state 122

    $default  reduce using rule 97 (compound_assign_stmt)


State 149

   98 compound_assign_stmt: identifier remind_and_assign expr •
  110 expr: expr • plus expr
  111     | expr • minus expr
  112     | expr • multiply expr
  113     | expr • divide expr
  114     | expr • divide_with_remind expr
  115     | expr • logical_and expr
  116     | expr • logical_or expr
  117     | expr • equals expr
  118     | expr • dont_equal expr
  119     | expr • greater_than expr
  120     | expr • lesser_than expr
  121     | expr • greater_than_or_equals expr
  122     | expr • lesser_than_or_equals expr
  123     | expr • bitwise_and expr
  124     | expr • bitwise_or expr
  125     | expr • bitwise_xor expr
  126     | expr • bitwise_shift_to_left expr
  127     | expr • bitwise_shift_to_right expr
  133     | expr • left_quad_brace expr right_quad_brace

    logical_and             shift, and go to state 104
    logical_or              shift, and go to state 105
    dont_equal              shift, and go to state 106
    bitwise_and             shift, and go to state 107
    bitwise_or              shift, and go to state 108
    bitwise_xor             shift, and go to state 109
    bitwise_shift_to_left   shift, and go to state 110
    bitwise_shift_to_right  shift, and go to state 111
    left_quad_brace         shift, and go to state 112
    equals                  shift, and go to state 113
    greater_than            shift, and go to state 114
    lesser_than             shift, and go to state 115
    plus                    shift, and go to state 116
    minus                   shift, and go to state 117
    multiply                shift, and go to state 118
    divide                  shift, and go to state 119
    divide_with_remind      shift, and go to state 120
    greater_than_or_equals  shift, and go to state 121
    lesser_than_or_equals   shift, and go to state 122

    $default  reduce using rule 98 (compound_assign_stmt)


State 150

   68 dot_expr: pine_type dot identifier •

    $default  reduce using rule 68 (dot_expr)


State 151

  105 ternary_expr: dot_expr question_sign expr • colon expr
  110 expr: expr • plus expr
  111     | expr • minus expr
  112     | expr • multiply expr
  113     | expr • divide expr
  114     | expr • divide_with_remind expr
  115     | expr • logical_and expr
  116     | expr • logical_or expr
  117     | expr • equals expr
  118     | expr • dont_equal expr
  119     | expr • greater_than expr
  120     | expr • lesser_than expr
  121     | expr • greater_than_or_equals expr
  122     | expr • lesser_than_or_equals expr
  123     | expr • bitwise_and expr
  124     | expr • bitwise_or expr
  125     | expr • bitwise_xor expr
  126     | expr • bitwise_shift_to_left expr
  127     | expr • bitwise_shift_to_right expr
  133     | expr • left_quad_brace expr right_quad_brace

    logical_and             shift, and go to state 104
    logical_or              shift, and go to state 105
    dont_equal              shift, and go to state 106
    bitwise_and             shift, and go to state 107
    bitwise_or              shift, and go to state 108
    bitwise_xor             shift, and go to state 109
    bitwise_shift_to_left   shift, and go to state 110
    bitwise_shift_to_right  shift, and go to state 111
    left_quad_brace         shift, and go to state 112
    equals                  shift, and go to state 113
    greater_than            shift, and go to state 114
    lesser_than             shift, and go to state 115
    plus                    shift, and go to state 116
    minus                   shift, and go to state 117
    multiply                shift, and go to state 118
    divide                  shift, and go to state 119
    divide_with_remind      shift, and go to state 120
    greater_than_or_equals  shift, and go to state 121
    lesser_than_or_equals   shift, and go to state 122
    colon                   shift, and go to state 207


State 152

   70 call_arg_stmt: dot_expr left_paren call_list • right_paren
   72 call_list: call_list • comma call_stmt

    right_paren  shift, and go to state 208
    comma        shift, and go to state 201


State 153

   89 assignment_stmt: dot_expr assign call_arg_stmt •

    $default  reduce using rule 89 (assignment_stmt)


State 154

   88 assignment_stmt: dot_expr assign expr •
  110 expr: expr • plus expr
  111     | expr • minus expr
  112     | expr • multiply expr
  113     | expr • divide expr
  114     | expr • divide_with_remind expr
  115     | expr • logical_and expr
  116     | expr • logical_or expr
  117     | expr • equals expr
  118     | expr • dont_equal expr
  119     | expr • greater_than expr
  120     | expr • lesser_than expr
  121     | expr • greater_than_or_equals expr
  122     | expr • lesser_than_or_equals expr
  123     | expr • bitwise_and expr
  124     | expr • bitwise_or expr
  125     | expr • bitwise_xor expr
  126     | expr • bitwise_shift_to_left expr
  127     | expr • bitwise_shift_to_right expr
  133     | expr • left_quad_brace expr right_quad_brace

    logical_and             shift, and go to state 104
    logical_or              shift, and go to state 105
    dont_equal              shift, and go to state 106
    bitwise_and             shift, and go to state 107
    bitwise_or              shift, and go to state 108
    bitwise_xor             shift, and go to state 109
    bitwise_shift_to_left   shift, and go to state 110
    bitwise_shift_to_right  shift, and go to state 111
    left_quad_brace         shift, and go to state 112
    equals                  shift, and go to state 113
    greater_than            shift, and go to state 114
    lesser_than             shift, and go to state 115
    plus                    shift, and go to state 116
    minus                   shift, and go to state 117
    multiply                shift, and go to state 118
    divide                  shift, and go to state 119
    divide_with_remind      shift, and go to state 120
    greater_than_or_equals  shift, and go to state 121
    lesser_than_or_equals   shift, and go to state 122

    $default  reduce using rule 88 (assignment_stmt)


State 155

   93 assignment_re_stmt: dot_expr re_assign call_arg_stmt •

    $default  reduce using rule 93 (assignment_re_stmt)


State 156

   92 assignment_re_stmt: dot_expr re_assign expr •
  110 expr: expr • plus expr
  111     | expr • minus expr
  112     | expr • multiply expr
  113     | expr • divide expr
  114     | expr • divide_with_remind expr
  115     | expr • logical_and expr
  116     | expr • logical_or expr
  117     | expr • equals expr
  118     | expr • dont_equal expr
  119     | expr • greater_than expr
  120     | expr • lesser_than expr
  121     | expr • greater_than_or_equals expr
  122     | expr • lesser_than_or_equals expr
  123     | expr • bitwise_and expr
  124     | expr • bitwise_or expr
  125     | expr • bitwise_xor expr
  126     | expr • bitwise_shift_to_left expr
  127     | expr • bitwise_shift_to_right expr
  133     | expr • left_quad_brace expr right_quad_brace

    logical_and             shift, and go to state 104
    logical_or              shift, and go to state 105
    dont_equal              shift, and go to state 106
    bitwise_and             shift, and go to state 107
    bitwise_or              shift, and go to state 108
    bitwise_xor             shift, and go to state 109
    bitwise_shift_to_left   shift, and go to state 110
    bitwise_shift_to_right  shift, and go to state 111
    left_quad_brace         shift, and go to state 112
    equals                  shift, and go to state 113
    greater_than            shift, and go to state 114
    lesser_than             shift, and go to state 115
    plus                    shift, and go to state 116
    minus                   shift, and go to state 117
    multiply                shift, and go to state 118
    divide                  shift, and go to state 119
    divide_with_remind      shift, and go to state 120
    greater_than_or_equals  shift, and go to state 121
    lesser_than_or_equals   shift, and go to state 122

    $default  reduce using rule 92 (assignment_re_stmt)


State 157

   99 compound_assign_stmt: dot_expr plus_and_assign expr •
  110 expr: expr • plus expr
  111     | expr • minus expr
  112     | expr • multiply expr
  113     | expr • divide expr
  114     | expr • divide_with_remind expr
  115     | expr • logical_and expr
  116     | expr • logical_or expr
  117     | expr • equals expr
  118     | expr • dont_equal expr
  119     | expr • greater_than expr
  120     | expr • lesser_than expr
  121     | expr • greater_than_or_equals expr
  122     | expr • lesser_than_or_equals expr
  123     | expr • bitwise_and expr
  124     | expr • bitwise_or expr
  125     | expr • bitwise_xor expr
  126     | expr • bitwise_shift_to_left expr
  127     | expr • bitwise_shift_to_right expr
  133     | expr • left_quad_brace expr right_quad_brace

    logical_and             shift, and go to state 104
    logical_or              shift, and go to state 105
    dont_equal              shift, and go to state 106
    bitwise_and             shift, and go to state 107
    bitwise_or              shift, and go to state 108
    bitwise_xor             shift, and go to state 109
    bitwise_shift_to_left   shift, and go to state 110
    bitwise_shift_to_right  shift, and go to state 111
    left_quad_brace         shift, and go to state 112
    equals                  shift, and go to state 113
    greater_than            shift, and go to state 114
    lesser_than             shift, and go to state 115
    plus                    shift, and go to state 116
    minus                   shift, and go to state 117
    multiply                shift, and go to state 118
    divide                  shift, and go to state 119
    divide_with_remind      shift, and go to state 120
    greater_than_or_equals  shift, and go to state 121
    lesser_than_or_equals   shift, and go to state 122

    $default  reduce using rule 99 (compound_assign_stmt)


State 158

  100 compound_assign_stmt: dot_expr minus_and_assign expr •
  110 expr: expr • plus expr
  111     | expr • minus expr
  112     | expr • multiply expr
  113     | expr • divide expr
  114     | expr • divide_with_remind expr
  115     | expr • logical_and expr
  116     | expr • logical_or expr
  117     | expr • equals expr
  118     | expr • dont_equal expr
  119     | expr • greater_than expr
  120     | expr • lesser_than expr
  121     | expr • greater_than_or_equals expr
  122     | expr • lesser_than_or_equals expr
  123     | expr • bitwise_and expr
  124     | expr • bitwise_or expr
  125     | expr • bitwise_xor expr
  126     | expr • bitwise_shift_to_left expr
  127     | expr • bitwise_shift_to_right expr
  133     | expr • left_quad_brace expr right_quad_brace

    logical_and             shift, and go to state 104
    logical_or              shift, and go to state 105
    dont_equal              shift, and go to state 106
    bitwise_and             shift, and go to state 107
    bitwise_or              shift, and go to state 108
    bitwise_xor             shift, and go to state 109
    bitwise_shift_to_left   shift, and go to state 110
    bitwise_shift_to_right  shift, and go to state 111
    left_quad_brace         shift, and go to state 112
    equals                  shift, and go to state 113
    greater_than            shift, and go to state 114
    lesser_than             shift, and go to state 115
    plus                    shift, and go to state 116
    minus                   shift, and go to state 117
    multiply                shift, and go to state 118
    divide                  shift, and go to state 119
    divide_with_remind      shift, and go to state 120
    greater_than_or_equals  shift, and go to state 121
    lesser_than_or_equals   shift, and go to state 122

    $default  reduce using rule 100 (compound_assign_stmt)


State 159

  101 compound_assign_stmt: dot_expr multiply_and_assign expr •
  110 expr: expr • plus expr
  111     | expr • minus expr
  112     | expr • multiply expr
  113     | expr • divide expr
  114     | expr • divide_with_remind expr
  115     | expr • logical_and expr
  116     | expr • logical_or expr
  117     | expr • equals expr
  118     | expr • dont_equal expr
  119     | expr • greater_than expr
  120     | expr • lesser_than expr
  121     | expr • greater_than_or_equals expr
  122     | expr • lesser_than_or_equals expr
  123     | expr • bitwise_and expr
  124     | expr • bitwise_or expr
  125     | expr • bitwise_xor expr
  126     | expr • bitwise_shift_to_left expr
  127     | expr • bitwise_shift_to_right expr
  133     | expr • left_quad_brace expr right_quad_brace

    logical_and             shift, and go to state 104
    logical_or              shift, and go to state 105
    dont_equal              shift, and go to state 106
    bitwise_and             shift, and go to state 107
    bitwise_or              shift, and go to state 108
    bitwise_xor             shift, and go to state 109
    bitwise_shift_to_left   shift, and go to state 110
    bitwise_shift_to_right  shift, and go to state 111
    left_quad_brace         shift, and go to state 112
    equals                  shift, and go to state 113
    greater_than            shift, and go to state 114
    lesser_than             shift, and go to state 115
    plus                    shift, and go to state 116
    minus                   shift, and go to state 117
    multiply                shift, and go to state 118
    divide                  shift, and go to state 119
    divide_with_remind      shift, and go to state 120
    greater_than_or_equals  shift, and go to state 121
    lesser_than_or_equals   shift, and go to state 122

    $default  reduce using rule 101 (compound_assign_stmt)


State 160

  102 compound_assign_stmt: dot_expr divide_and_assign expr •
  110 expr: expr • plus expr
  111     | expr • minus expr
  112     | expr • multiply expr
  113     | expr • divide expr
  114     | expr • divide_with_remind expr
  115     | expr • logical_and expr
  116     | expr • logical_or expr
  117     | expr • equals expr
  118     | expr • dont_equal expr
  119     | expr • greater_than expr
  120     | expr • lesser_than expr
  121     | expr • greater_than_or_equals expr
  122     | expr • lesser_than_or_equals expr
  123     | expr • bitwise_and expr
  124     | expr • bitwise_or expr
  125     | expr • bitwise_xor expr
  126     | expr • bitwise_shift_to_left expr
  127     | expr • bitwise_shift_to_right expr
  133     | expr • left_quad_brace expr right_quad_brace

    logical_and             shift, and go to state 104
    logical_or              shift, and go to state 105
    dont_equal              shift, and go to state 106
    bitwise_and             shift, and go to state 107
    bitwise_or              shift, and go to state 108
    bitwise_xor             shift, and go to state 109
    bitwise_shift_to_left   shift, and go to state 110
    bitwise_shift_to_right  shift, and go to state 111
    left_quad_brace         shift, and go to state 112
    equals                  shift, and go to state 113
    greater_than            shift, and go to state 114
    lesser_than             shift, and go to state 115
    plus                    shift, and go to state 116
    minus                   shift, and go to state 117
    multiply                shift, and go to state 118
    divide                  shift, and go to state 119
    divide_with_remind      shift, and go to state 120
    greater_than_or_equals  shift, and go to state 121
    lesser_than_or_equals   shift, and go to state 122

    $default  reduce using rule 102 (compound_assign_stmt)


State 161

  103 compound_assign_stmt: dot_expr remind_and_assign expr •
  110 expr: expr • plus expr
  111     | expr • minus expr
  112     | expr • multiply expr
  113     | expr • divide expr
  114     | expr • divide_with_remind expr
  115     | expr • logical_and expr
  116     | expr • logical_or expr
  117     | expr • equals expr
  118     | expr • dont_equal expr
  119     | expr • greater_than expr
  120     | expr • lesser_than expr
  121     | expr • greater_than_or_equals expr
  122     | expr • lesser_than_or_equals expr
  123     | expr • bitwise_and expr
  124     | expr • bitwise_or expr
  125     | expr • bitwise_xor expr
  126     | expr • bitwise_shift_to_left expr
  127     | expr • bitwise_shift_to_right expr
  133     | expr • left_quad_brace expr right_quad_brace

    logical_and             shift, and go to state 104
    logical_or              shift, and go to state 105
    dont_equal              shift, and go to state 106
    bitwise_and             shift, and go to state 107
    bitwise_or              shift, and go to state 108
    bitwise_xor             shift, and go to state 109
    bitwise_shift_to_left   shift, and go to state 110
    bitwise_shift_to_right  shift, and go to state 111
    left_quad_brace         shift, and go to state 112
    equals                  shift, and go to state 113
    greater_than            shift, and go to state 114
    lesser_than             shift, and go to state 115
    plus                    shift, and go to state 116
    minus                   shift, and go to state 117
    multiply                shift, and go to state 118
    divide                  shift, and go to state 119
    divide_with_remind      shift, and go to state 120
    greater_than_or_equals  shift, and go to state 121
    lesser_than_or_equals   shift, and go to state 122

    $default  reduce using rule 103 (compound_assign_stmt)


State 162

   31 indicator_stmt: indicator_function left_paren string right_paren •

    $default  reduce using rule 31 (indicator_stmt)


State 163

   32 strategy_stmt: strategy_function left_paren string right_paren •

    $default  reduce using rule 32 (strategy_stmt)


State 164

   33 if_stmt: if_statement left_paren expr right_paren • if_body
   34        | if_statement left_paren expr right_paren • if_body else_statement if_body

    indicator_function  shift, and go to state 1
    strategy_function   shift, and go to state 2
    if_statement        shift, and go to state 3
    for_statement       shift, and go to state 4
    return_statement    shift, and go to state 5
    while_statement     shift, and go to state 6
    break_statement     shift, and go to state 7
    continue_statement  shift, and go to state 8
    switch_statement    shift, and go to state 9
    var                 shift, and go to state 10
    varip               shift, and go to state 11
    const_statement     shift, and go to state 12
    simple              shift, and go to state 13
    import_statement    shift, and go to state 14
    int_type            shift, and go to state 15
    bool_type           shift, and go to state 16
    float_type          shift, and go to state 17
    color_type          shift, and go to state 18
    string_as_type      shift, and go to state 19
    left_paren          shift, and go to state 20
    left_brace          shift, and go to state 209
    identifier          shift, and go to state 21

    statement             go to state 210
    ident_stmt            go to state 24
    block                 go to state 211
    if_body               go to state 212
    indicator_stmt        go to state 25
    strategy_stmt         go to state 26
    if_stmt               go to state 27
    for_stmt              go to state 28
    while_stmt            go to state 29
    func_stmt             go to state 30
    pine_type             go to state 31
    return_stmt_expr      go to state 32
    break_stmt            go to state 33
    continue_stmt         go to state 34
    switch_stmt           go to state 35
    dot_expr              go to state 36
    call_arg_stmt         go to state 37
    var_stmt              go to state 38
    varip_stmt            go to state 39
    const_stmt            go to state 40
    simple_stmt           go to state 41
    import_stmt           go to state 42
    assignment_stmt       go to state 43
    assignment_re_stmt    go to state 44
    compound_assign_stmt  go to state 45
    ternary_expr          go to state 46


State 165

   35 for_stmt: for_statement left_paren identifier assign • expr to expr right_paren block
   36         | for_statement left_paren identifier assign • expr to expr step expr right_paren block

    logical_not      shift, and go to state 51
    bitwise_not      shift, and go to state 52
    int_type         shift, and go to state 15
    bool_type        shift, and go to state 16
    float_type       shift, and go to state 17
    color_type       shift, and go to state 18
    string_as_type   shift, and go to state 19
    left_paren       shift, and go to state 53
    left_quad_brace  shift, and go to state 54
    plus             shift, and go to state 55
    minus            shift, and go to state 56
    number           shift, and go to state 57
    identifier       shift, and go to state 58
    string           shift, and go to state 59

    pine_type     go to state 31
    dot_expr      go to state 60
    ternary_expr  go to state 61
    expr          go to state 213


State 166

   37 for_stmt: for_statement left_paren expr right_paren • block

    left_brace  shift, and go to state 209

    block  go to state 214


State 167

  106 ternary_expr: left_paren expr right_paren • question_sign expr colon expr
  132 expr: left_paren expr right_paren •

    question_sign  shift, and go to state 198

    $default  reduce using rule 132 (expr)


State 168

  134 expr: left_quad_brace expr right_quad_brace •

    $default  reduce using rule 134 (expr)


State 169

  110 expr: expr • plus expr
  111     | expr • minus expr
  112     | expr • multiply expr
  113     | expr • divide expr
  114     | expr • divide_with_remind expr
  115     | expr • logical_and expr
  115     | expr logical_and expr •
  116     | expr • logical_or expr
  117     | expr • equals expr
  118     | expr • dont_equal expr
  119     | expr • greater_than expr
  120     | expr • lesser_than expr
  121     | expr • greater_than_or_equals expr
  122     | expr • lesser_than_or_equals expr
  123     | expr • bitwise_and expr
  124     | expr • bitwise_or expr
  125     | expr • bitwise_xor expr
  126     | expr • bitwise_shift_to_left expr
  127     | expr • bitwise_shift_to_right expr
  133     | expr • left_quad_brace expr right_quad_brace

    dont_equal              shift, and go to state 106
    bitwise_and             shift, and go to state 107
    bitwise_or              shift, and go to state 108
    bitwise_xor             shift, and go to state 109
    bitwise_shift_to_left   shift, and go to state 110
    bitwise_shift_to_right  shift, and go to state 111
    left_quad_brace         shift, and go to state 112
    equals                  shift, and go to state 113
    greater_than            shift, and go to state 114
    lesser_than             shift, and go to state 115
    plus                    shift, and go to state 116
    minus                   shift, and go to state 117
    multiply                shift, and go to state 118
    divide                  shift, and go to state 119
    divide_with_remind      shift, and go to state 120
    greater_than_or_equals  shift, and go to state 121
    lesser_than_or_equals   shift, and go to state 122

    $default  reduce using rule 115 (expr)


State 170

  110 expr: expr • plus expr
  111     | expr • minus expr
  112     | expr • multiply expr
  113     | expr • divide expr
  114     | expr • divide_with_remind expr
  115     | expr • logical_and expr
  116     | expr • logical_or expr
  116     | expr logical_or expr •
  117     | expr • equals expr
  118     | expr • dont_equal expr
  119     | expr • greater_than expr
  120     | expr • lesser_than expr
  121     | expr • greater_than_or_equals expr
  122     | expr • lesser_than_or_equals expr
  123     | expr • bitwise_and expr
  124     | expr • bitwise_or expr
  125     | expr • bitwise_xor expr
  126     | expr • bitwise_shift_to_left expr
  127     | expr • bitwise_shift_to_right expr
  133     | expr • left_quad_brace expr right_quad_brace

    logical_and             shift, and go to state 104
    dont_equal              shift, and go to state 106
    bitwise_and             shift, and go to state 107
    bitwise_or              shift, and go to state 108
    bitwise_xor             shift, and go to state 109
    bitwise_shift_to_left   shift, and go to state 110
    bitwise_shift_to_right  shift, and go to state 111
    left_quad_brace         shift, and go to state 112
    equals                  shift, and go to state 113
    greater_than            shift, and go to state 114
    lesser_than             shift, and go to state 115
    plus                    shift, and go to state 116
    minus                   shift, and go to state 117
    multiply                shift, and go to state 118
    divide                  shift, and go to state 119
    divide_with_remind      shift, and go to state 120
    greater_than_or_equals  shift, and go to state 121
    lesser_than_or_equals   shift, and go to state 122

    $default  reduce using rule 116 (expr)


State 171

  110 expr: expr • plus expr
  111     | expr • minus expr
  112     | expr • multiply expr
  113     | expr • divide expr
  114     | expr • divide_with_remind expr
  115     | expr • logical_and expr
  116     | expr • logical_or expr
  117     | expr • equals expr
  118     | expr • dont_equal expr
  118     | expr dont_equal expr •
  119     | expr • greater_than expr
  120     | expr • lesser_than expr
  121     | expr • greater_than_or_equals expr
  122     | expr • lesser_than_or_equals expr
  123     | expr • bitwise_and expr
  124     | expr • bitwise_or expr
  125     | expr • bitwise_xor expr
  126     | expr • bitwise_shift_to_left expr
  127     | expr • bitwise_shift_to_right expr
  133     | expr • left_quad_brace expr right_quad_brace

    bitwise_and             shift, and go to state 107
    bitwise_or              shift, and go to state 108
    bitwise_xor             shift, and go to state 109
    bitwise_shift_to_left   shift, and go to state 110
    bitwise_shift_to_right  shift, and go to state 111
    left_quad_brace         shift, and go to state 112
    plus                    shift, and go to state 116
    minus                   shift, and go to state 117
    multiply                shift, and go to state 118
    divide                  shift, and go to state 119
    divide_with_remind      shift, and go to state 120

    $default  reduce using rule 118 (expr)


State 172

  110 expr: expr • plus expr
  111     | expr • minus expr
  112     | expr • multiply expr
  113     | expr • divide expr
  114     | expr • divide_with_remind expr
  115     | expr • logical_and expr
  116     | expr • logical_or expr
  117     | expr • equals expr
  118     | expr • dont_equal expr
  119     | expr • greater_than expr
  120     | expr • lesser_than expr
  121     | expr • greater_than_or_equals expr
  122     | expr • lesser_than_or_equals expr
  123     | expr • bitwise_and expr
  123     | expr bitwise_and expr •
  124     | expr • bitwise_or expr
  125     | expr • bitwise_xor expr
  126     | expr • bitwise_shift_to_left expr
  127     | expr • bitwise_shift_to_right expr
  133     | expr • left_quad_brace expr right_quad_brace

    bitwise_shift_to_left   shift, and go to state 110
    bitwise_shift_to_right  shift, and go to state 111
    left_quad_brace         shift, and go to state 112
    plus                    shift, and go to state 116
    minus                   shift, and go to state 117
    multiply                shift, and go to state 118
    divide                  shift, and go to state 119
    divide_with_remind      shift, and go to state 120

    $default  reduce using rule 123 (expr)


State 173

  110 expr: expr • plus expr
  111     | expr • minus expr
  112     | expr • multiply expr
  113     | expr • divide expr
  114     | expr • divide_with_remind expr
  115     | expr • logical_and expr
  116     | expr • logical_or expr
  117     | expr • equals expr
  118     | expr • dont_equal expr
  119     | expr • greater_than expr
  120     | expr • lesser_than expr
  121     | expr • greater_than_or_equals expr
  122     | expr • lesser_than_or_equals expr
  123     | expr • bitwise_and expr
  124     | expr • bitwise_or expr
  124     | expr bitwise_or expr •
  125     | expr • bitwise_xor expr
  126     | expr • bitwise_shift_to_left expr
  127     | expr • bitwise_shift_to_right expr
  133     | expr • left_quad_brace expr right_quad_brace

    bitwise_and             shift, and go to state 107
    bitwise_xor             shift, and go to state 109
    bitwise_shift_to_left   shift, and go to state 110
    bitwise_shift_to_right  shift, and go to state 111
    left_quad_brace         shift, and go to state 112
    plus                    shift, and go to state 116
    minus                   shift, and go to state 117
    multiply                shift, and go to state 118
    divide                  shift, and go to state 119
    divide_with_remind      shift, and go to state 120

    $default  reduce using rule 124 (expr)


State 174

  110 expr: expr • plus expr
  111     | expr • minus expr
  112     | expr • multiply expr
  113     | expr • divide expr
  114     | expr • divide_with_remind expr
  115     | expr • logical_and expr
  116     | expr • logical_or expr
  117     | expr • equals expr
  118     | expr • dont_equal expr
  119     | expr • greater_than expr
  120     | expr • lesser_than expr
  121     | expr • greater_than_or_equals expr
  122     | expr • lesser_than_or_equals expr
  123     | expr • bitwise_and expr
  124     | expr • bitwise_or expr
  125     | expr • bitwise_xor expr
  125     | expr bitwise_xor expr •
  126     | expr • bitwise_shift_to_left expr
  127     | expr • bitwise_shift_to_right expr
  133     | expr • left_quad_brace expr right_quad_brace

    bitwise_and             shift, and go to state 107
    bitwise_shift_to_left   shift, and go to state 110
    bitwise_shift_to_right  shift, and go to state 111
    left_quad_brace         shift, and go to state 112
    plus                    shift, and go to state 116
    minus                   shift, and go to state 117
    multiply                shift, and go to state 118
    divide                  shift, and go to state 119
    divide_with_remind      shift, and go to state 120

    $default  reduce using rule 125 (expr)


State 175

  110 expr: expr • plus expr
  111     | expr • minus expr
  112     | expr • multiply expr
  113     | expr • divide expr
  114     | expr • divide_with_remind expr
  115     | expr • logical_and expr
  116     | expr • logical_or expr
  117     | expr • equals expr
  118     | expr • dont_equal expr
  119     | expr • greater_than expr
  120     | expr • lesser_than expr
  121     | expr • greater_than_or_equals expr
  122     | expr • lesser_than_or_equals expr
  123     | expr • bitwise_and expr
  124     | expr • bitwise_or expr
  125     | expr • bitwise_xor expr
  126     | expr • bitwise_shift_to_left expr
  126     | expr bitwise_shift_to_left expr •
  127     | expr • bitwise_shift_to_right expr
  133     | expr • left_quad_brace expr right_quad_brace

    left_quad_brace     shift, and go to state 112
    plus                shift, and go to state 116
    minus               shift, and go to state 117
    multiply            shift, and go to state 118
    divide              shift, and go to state 119
    divide_with_remind  shift, and go to state 120

    $default  reduce using rule 126 (expr)


State 176

  110 expr: expr • plus expr
  111     | expr • minus expr
  112     | expr • multiply expr
  113     | expr • divide expr
  114     | expr • divide_with_remind expr
  115     | expr • logical_and expr
  116     | expr • logical_or expr
  117     | expr • equals expr
  118     | expr • dont_equal expr
  119     | expr • greater_than expr
  120     | expr • lesser_than expr
  121     | expr • greater_than_or_equals expr
  122     | expr • lesser_than_or_equals expr
  123     | expr • bitwise_and expr
  124     | expr • bitwise_or expr
  125     | expr • bitwise_xor expr
  126     | expr • bitwise_shift_to_left expr
  127     | expr • bitwise_shift_to_right expr
  127     | expr bitwise_shift_to_right expr •
  133     | expr • left_quad_brace expr right_quad_brace

    left_quad_brace     shift, and go to state 112
    plus                shift, and go to state 116
    minus               shift, and go to state 117
    multiply            shift, and go to state 118
    divide              shift, and go to state 119
    divide_with_remind  shift, and go to state 120

    $default  reduce using rule 127 (expr)


State 177

  110 expr: expr • plus expr
  111     | expr • minus expr
  112     | expr • multiply expr
  113     | expr • divide expr
  114     | expr • divide_with_remind expr
  115     | expr • logical_and expr
  116     | expr • logical_or expr
  117     | expr • equals expr
  118     | expr • dont_equal expr
  119     | expr • greater_than expr
  120     | expr • lesser_than expr
  121     | expr • greater_than_or_equals expr
  122     | expr • lesser_than_or_equals expr
  123     | expr • bitwise_and expr
  124     | expr • bitwise_or expr
  125     | expr • bitwise_xor expr
  126     | expr • bitwise_shift_to_left expr
  127     | expr • bitwise_shift_to_right expr
  133     | expr • left_quad_brace expr right_quad_brace
  133     | expr left_quad_brace expr • right_quad_brace

    logical_and             shift, and go to state 104
    logical_or              shift, and go to state 105
    dont_equal              shift, and go to state 106
    bitwise_and             shift, and go to state 107
    bitwise_or              shift, and go to state 108
    bitwise_xor             shift, and go to state 109
    bitwise_shift_to_left   shift, and go to state 110
    bitwise_shift_to_right  shift, and go to state 111
    left_quad_brace         shift, and go to state 112
    right_quad_brace        shift, and go to state 215
    equals                  shift, and go to state 113
    greater_than            shift, and go to state 114
    lesser_than             shift, and go to state 115
    plus                    shift, and go to state 116
    minus                   shift, and go to state 117
    multiply                shift, and go to state 118
    divide                  shift, and go to state 119
    divide_with_remind      shift, and go to state 120
    greater_than_or_equals  shift, and go to state 121
    lesser_than_or_equals   shift, and go to state 122


State 178

  110 expr: expr • plus expr
  111     | expr • minus expr
  112     | expr • multiply expr
  113     | expr • divide expr
  114     | expr • divide_with_remind expr
  115     | expr • logical_and expr
  116     | expr • logical_or expr
  117     | expr • equals expr
  117     | expr equals expr •
  118     | expr • dont_equal expr
  119     | expr • greater_than expr
  120     | expr • lesser_than expr
  121     | expr • greater_than_or_equals expr
  122     | expr • lesser_than_or_equals expr
  123     | expr • bitwise_and expr
  124     | expr • bitwise_or expr
  125     | expr • bitwise_xor expr
  126     | expr • bitwise_shift_to_left expr
  127     | expr • bitwise_shift_to_right expr
  133     | expr • left_quad_brace expr right_quad_brace

    bitwise_and             shift, and go to state 107
    bitwise_or              shift, and go to state 108
    bitwise_xor             shift, and go to state 109
    bitwise_shift_to_left   shift, and go to state 110
    bitwise_shift_to_right  shift, and go to state 111
    left_quad_brace         shift, and go to state 112
    plus                    shift, and go to state 116
    minus                   shift, and go to state 117
    multiply                shift, and go to state 118
    divide                  shift, and go to state 119
    divide_with_remind      shift, and go to state 120

    $default  reduce using rule 117 (expr)


State 179

  110 expr: expr • plus expr
  111     | expr • minus expr
  112     | expr • multiply expr
  113     | expr • divide expr
  114     | expr • divide_with_remind expr
  115     | expr • logical_and expr
  116     | expr • logical_or expr
  117     | expr • equals expr
  118     | expr • dont_equal expr
  119     | expr • greater_than expr
  119     | expr greater_than expr •
  120     | expr • lesser_than expr
  121     | expr • greater_than_or_equals expr
  122     | expr • lesser_than_or_equals expr
  123     | expr • bitwise_and expr
  124     | expr • bitwise_or expr
  125     | expr • bitwise_xor expr
  126     | expr • bitwise_shift_to_left expr
  127     | expr • bitwise_shift_to_right expr
  133     | expr • left_quad_brace expr right_quad_brace

    bitwise_and             shift, and go to state 107
    bitwise_or              shift, and go to state 108
    bitwise_xor             shift, and go to state 109
    bitwise_shift_to_left   shift, and go to state 110
    bitwise_shift_to_right  shift, and go to state 111
    left_quad_brace         shift, and go to state 112
    plus                    shift, and go to state 116
    minus                   shift, and go to state 117
    multiply                shift, and go to state 118
    divide                  shift, and go to state 119
    divide_with_remind      shift, and go to state 120

    $default  reduce using rule 119 (expr)


State 180

  110 expr: expr • plus expr
  111     | expr • minus expr
  112     | expr • multiply expr
  113     | expr • divide expr
  114     | expr • divide_with_remind expr
  115     | expr • logical_and expr
  116     | expr • logical_or expr
  117     | expr • equals expr
  118     | expr • dont_equal expr
  119     | expr • greater_than expr
  120     | expr • lesser_than expr
  120     | expr lesser_than expr •
  121     | expr • greater_than_or_equals expr
  122     | expr • lesser_than_or_equals expr
  123     | expr • bitwise_and expr
  124     | expr • bitwise_or expr
  125     | expr • bitwise_xor expr
  126     | expr • bitwise_shift_to_left expr
  127     | expr • bitwise_shift_to_right expr
  133     | expr • left_quad_brace expr right_quad_brace

    bitwise_and             shift, and go to state 107
    bitwise_or              shift, and go to state 108
    bitwise_xor             shift, and go to state 109
    bitwise_shift_to_left   shift, and go to state 110
    bitwise_shift_to_right  shift, and go to state 111
    left_quad_brace         shift, and go to state 112
    plus                    shift, and go to state 116
    minus                   shift, and go to state 117
    multiply                shift, and go to state 118
    divide                  shift, and go to state 119
    divide_with_remind      shift, and go to state 120

    $default  reduce using rule 120 (expr)


State 181

  110 expr: expr • plus expr
  110     | expr plus expr •
  111     | expr • minus expr
  112     | expr • multiply expr
  113     | expr • divide expr
  114     | expr • divide_with_remind expr
  115     | expr • logical_and expr
  116     | expr • logical_or expr
  117     | expr • equals expr
  118     | expr • dont_equal expr
  119     | expr • greater_than expr
  120     | expr • lesser_than expr
  121     | expr • greater_than_or_equals expr
  122     | expr • lesser_than_or_equals expr
  123     | expr • bitwise_and expr
  124     | expr • bitwise_or expr
  125     | expr • bitwise_xor expr
  126     | expr • bitwise_shift_to_left expr
  127     | expr • bitwise_shift_to_right expr
  133     | expr • left_quad_brace expr right_quad_brace

    left_quad_brace     shift, and go to state 112
    multiply            shift, and go to state 118
    divide              shift, and go to state 119
    divide_with_remind  shift, and go to state 120

    $default  reduce using rule 110 (expr)


State 182

  110 expr: expr • plus expr
  111     | expr • minus expr
  111     | expr minus expr •
  112     | expr • multiply expr
  113     | expr • divide expr
  114     | expr • divide_with_remind expr
  115     | expr • logical_and expr
  116     | expr • logical_or expr
  117     | expr • equals expr
  118     | expr • dont_equal expr
  119     | expr • greater_than expr
  120     | expr • lesser_than expr
  121     | expr • greater_than_or_equals expr
  122     | expr • lesser_than_or_equals expr
  123     | expr • bitwise_and expr
  124     | expr • bitwise_or expr
  125     | expr • bitwise_xor expr
  126     | expr • bitwise_shift_to_left expr
  127     | expr • bitwise_shift_to_right expr
  133     | expr • left_quad_brace expr right_quad_brace

    left_quad_brace     shift, and go to state 112
    multiply            shift, and go to state 118
    divide              shift, and go to state 119
    divide_with_remind  shift, and go to state 120

    $default  reduce using rule 111 (expr)


State 183

  110 expr: expr • plus expr
  111     | expr • minus expr
  112     | expr • multiply expr
  112     | expr multiply expr •
  113     | expr • divide expr
  114     | expr • divide_with_remind expr
  115     | expr • logical_and expr
  116     | expr • logical_or expr
  117     | expr • equals expr
  118     | expr • dont_equal expr
  119     | expr • greater_than expr
  120     | expr • lesser_than expr
  121     | expr • greater_than_or_equals expr
  122     | expr • lesser_than_or_equals expr
  123     | expr • bitwise_and expr
  124     | expr • bitwise_or expr
  125     | expr • bitwise_xor expr
  126     | expr • bitwise_shift_to_left expr
  127     | expr • bitwise_shift_to_right expr
  133     | expr • left_quad_brace expr right_quad_brace

    left_quad_brace  shift, and go to state 112

    $default  reduce using rule 112 (expr)


State 184

  110 expr: expr • plus expr
  111     | expr • minus expr
  112     | expr • multiply expr
  113     | expr • divide expr
  113     | expr divide expr •
  114     | expr • divide_with_remind expr
  115     | expr • logical_and expr
  116     | expr • logical_or expr
  117     | expr • equals expr
  118     | expr • dont_equal expr
  119     | expr • greater_than expr
  120     | expr • lesser_than expr
  121     | expr • greater_than_or_equals expr
  122     | expr • lesser_than_or_equals expr
  123     | expr • bitwise_and expr
  124     | expr • bitwise_or expr
  125     | expr • bitwise_xor expr
  126     | expr • bitwise_shift_to_left expr
  127     | expr • bitwise_shift_to_right expr
  133     | expr • left_quad_brace expr right_quad_brace

    left_quad_brace  shift, and go to state 112

    $default  reduce using rule 113 (expr)


State 185

  110 expr: expr • plus expr
  111     | expr • minus expr
  112     | expr • multiply expr
  113     | expr • divide expr
  114     | expr • divide_with_remind expr
  114     | expr divide_with_remind expr •
  115     | expr • logical_and expr
  116     | expr • logical_or expr
  117     | expr • equals expr
  118     | expr • dont_equal expr
  119     | expr • greater_than expr
  120     | expr • lesser_than expr
  121     | expr • greater_than_or_equals expr
  122     | expr • lesser_than_or_equals expr
  123     | expr • bitwise_and expr
  124     | expr • bitwise_or expr
  125     | expr • bitwise_xor expr
  126     | expr • bitwise_shift_to_left expr
  127     | expr • bitwise_shift_to_right expr
  133     | expr • left_quad_brace expr right_quad_brace

    left_quad_brace  shift, and go to state 112

    $default  reduce using rule 114 (expr)


State 186

  110 expr: expr • plus expr
  111     | expr • minus expr
  112     | expr • multiply expr
  113     | expr • divide expr
  114     | expr • divide_with_remind expr
  115     | expr • logical_and expr
  116     | expr • logical_or expr
  117     | expr • equals expr
  118     | expr • dont_equal expr
  119     | expr • greater_than expr
  120     | expr • lesser_than expr
  121     | expr • greater_than_or_equals expr
  121     | expr greater_than_or_equals expr •
  122     | expr • lesser_than_or_equals expr
  123     | expr • bitwise_and expr
  124     | expr • bitwise_or expr
  125     | expr • bitwise_xor expr
  126     | expr • bitwise_shift_to_left expr
  127     | expr • bitwise_shift_to_right expr
  133     | expr • left_quad_brace expr right_quad_brace

    bitwise_and             shift, and go to state 107
    bitwise_or              shift, and go to state 108
    bitwise_xor             shift, and go to state 109
    bitwise_shift_to_left   shift, and go to state 110
    bitwise_shift_to_right  shift, and go to state 111
    left_quad_brace         shift, and go to state 112
    plus                    shift, and go to state 116
    minus                   shift, and go to state 117
    multiply                shift, and go to state 118
    divide                  shift, and go to state 119
    divide_with_remind      shift, and go to state 120

    $default  reduce using rule 121 (expr)


State 187

  110 expr: expr • plus expr
  111     | expr • minus expr
  112     | expr • multiply expr
  113     | expr • divide expr
  114     | expr • divide_with_remind expr
  115     | expr • logical_and expr
  116     | expr • logical_or expr
  117     | expr • equals expr
  118     | expr • dont_equal expr
  119     | expr • greater_than expr
  120     | expr • lesser_than expr
  121     | expr • greater_than_or_equals expr
  122     | expr • lesser_than_or_equals expr
  122     | expr lesser_than_or_equals expr •
  123     | expr • bitwise_and expr
  124     | expr • bitwise_or expr
  125     | expr • bitwise_xor expr
  126     | expr • bitwise_shift_to_left expr
  127     | expr • bitwise_shift_to_right expr
  133     | expr • left_quad_brace expr right_quad_brace

    bitwise_and             shift, and go to state 107
    bitwise_or              shift, and go to state 108
    bitwise_xor             shift, and go to state 109
    bitwise_shift_to_left   shift, and go to state 110
    bitwise_shift_to_right  shift, and go to state 111
    left_quad_brace         shift, and go to state 112
    plus                    shift, and go to state 116
    minus                   shift, and go to state 117
    multiply                shift, and go to state 118
    divide                  shift, and go to state 119
    divide_with_remind      shift, and go to state 120

    $default  reduce using rule 122 (expr)


State 188

   38 while_stmt: while_statement left_paren expr right_paren • block

    left_brace  shift, and go to state 209

    block  go to state 216


State 189

   59 switch_stmt: switch_statement left_paren expr right_paren • left_brace case_list default_case right_brace

    left_brace  shift, and go to state 217


State 190

   76 var_stmt: var identifier assign call_arg_stmt •

    $default  reduce using rule 76 (var_stmt)


State 191

   75 var_stmt: var identifier assign expr •
  110 expr: expr • plus expr
  111     | expr • minus expr
  112     | expr • multiply expr
  113     | expr • divide expr
  114     | expr • divide_with_remind expr
  115     | expr • logical_and expr
  116     | expr • logical_or expr
  117     | expr • equals expr
  118     | expr • dont_equal expr
  119     | expr • greater_than expr
  120     | expr • lesser_than expr
  121     | expr • greater_than_or_equals expr
  122     | expr • lesser_than_or_equals expr
  123     | expr • bitwise_and expr
  124     | expr • bitwise_or expr
  125     | expr • bitwise_xor expr
  126     | expr • bitwise_shift_to_left expr
  127     | expr • bitwise_shift_to_right expr
  133     | expr • left_quad_brace expr right_quad_brace

    logical_and             shift, and go to state 104
    logical_or              shift, and go to state 105
    dont_equal              shift, and go to state 106
    bitwise_and             shift, and go to state 107
    bitwise_or              shift, and go to state 108
    bitwise_xor             shift, and go to state 109
    bitwise_shift_to_left   shift, and go to state 110
    bitwise_shift_to_right  shift, and go to state 111
    left_quad_brace         shift, and go to state 112
    equals                  shift, and go to state 113
    greater_than            shift, and go to state 114
    lesser_than             shift, and go to state 115
    plus                    shift, and go to state 116
    minus                   shift, and go to state 117
    multiply                shift, and go to state 118
    divide                  shift, and go to state 119
    divide_with_remind      shift, and go to state 120
    greater_than_or_equals  shift, and go to state 121
    lesser_than_or_equals   shift, and go to state 122

    $default  reduce using rule 75 (var_stmt)


State 192

   79 varip_stmt: varip identifier assign call_arg_stmt •

    $default  reduce using rule 79 (varip_stmt)


State 193

   77 varip_stmt: varip identifier assign expr •
  110 expr: expr • plus expr
  111     | expr • minus expr
  112     | expr • multiply expr
  113     | expr • divide expr
  114     | expr • divide_with_remind expr
  115     | expr • logical_and expr
  116     | expr • logical_or expr
  117     | expr • equals expr
  118     | expr • dont_equal expr
  119     | expr • greater_than expr
  120     | expr • lesser_than expr
  121     | expr • greater_than_or_equals expr
  122     | expr • lesser_than_or_equals expr
  123     | expr • bitwise_and expr
  124     | expr • bitwise_or expr
  125     | expr • bitwise_xor expr
  126     | expr • bitwise_shift_to_left expr
  127     | expr • bitwise_shift_to_right expr
  133     | expr • left_quad_brace expr right_quad_brace

    logical_and             shift, and go to state 104
    logical_or              shift, and go to state 105
    dont_equal              shift, and go to state 106
    bitwise_and             shift, and go to state 107
    bitwise_or              shift, and go to state 108
    bitwise_xor             shift, and go to state 109
    bitwise_shift_to_left   shift, and go to state 110
    bitwise_shift_to_right  shift, and go to state 111
    left_quad_brace         shift, and go to state 112
    equals                  shift, and go to state 113
    greater_than            shift, and go to state 114
    lesser_than             shift, and go to state 115
    plus                    shift, and go to state 116
    minus                   shift, and go to state 117
    multiply                shift, and go to state 118
    divide                  shift, and go to state 119
    divide_with_remind      shift, and go to state 120
    greater_than_or_equals  shift, and go to state 121
    lesser_than_or_equals   shift, and go to state 122

    $default  reduce using rule 77 (varip_stmt)


State 194

   81 const_stmt: const_statement identifier assign call_arg_stmt •

    $default  reduce using rule 81 (const_stmt)


State 195

   80 const_stmt: const_statement identifier assign expr •
  110 expr: expr • plus expr
  111     | expr • minus expr
  112     | expr • multiply expr
  113     | expr • divide expr
  114     | expr • divide_with_remind expr
  115     | expr • logical_and expr
  116     | expr • logical_or expr
  117     | expr • equals expr
  118     | expr • dont_equal expr
  119     | expr • greater_than expr
  120     | expr • lesser_than expr
  121     | expr • greater_than_or_equals expr
  122     | expr • lesser_than_or_equals expr
  123     | expr • bitwise_and expr
  124     | expr • bitwise_or expr
  125     | expr • bitwise_xor expr
  126     | expr • bitwise_shift_to_left expr
  127     | expr • bitwise_shift_to_right expr
  133     | expr • left_quad_brace expr right_quad_brace

    logical_and             shift, and go to state 104
    logical_or              shift, and go to state 105
    dont_equal              shift, and go to state 106
    bitwise_and             shift, and go to state 107
    bitwise_or              shift, and go to state 108
    bitwise_xor             shift, and go to state 109
    bitwise_shift_to_left   shift, and go to state 110
    bitwise_shift_to_right  shift, and go to state 111
    left_quad_brace         shift, and go to state 112
    equals                  shift, and go to state 113
    greater_than            shift, and go to state 114
    lesser_than             shift, and go to state 115
    plus                    shift, and go to state 116
    minus                   shift, and go to state 117
    multiply                shift, and go to state 118
    divide                  shift, and go to state 119
    divide_with_remind      shift, and go to state 120
    greater_than_or_equals  shift, and go to state 121
    lesser_than_or_equals   shift, and go to state 122

    $default  reduce using rule 80 (const_stmt)


State 196

   84 simple_stmt: simple identifier assign call_arg_stmt •

    $default  reduce using rule 84 (simple_stmt)


State 197

   83 simple_stmt: simple identifier assign expr •
  110 expr: expr • plus expr
  111     | expr • minus expr
  112     | expr • multiply expr
  113     | expr • divide expr
  114     | expr • divide_with_remind expr
  115     | expr • logical_and expr
  116     | expr • logical_or expr
  117     | expr • equals expr
  118     | expr • dont_equal expr
  119     | expr • greater_than expr
  120     | expr • lesser_than expr
  121     | expr • greater_than_or_equals expr
  122     | expr • lesser_than_or_equals expr
  123     | expr • bitwise_and expr
  124     | expr • bitwise_or expr
  125     | expr • bitwise_xor expr
  126     | expr • bitwise_shift_to_left expr
  127     | expr • bitwise_shift_to_right expr
  133     | expr • left_quad_brace expr right_quad_brace

    logical_and             shift, and go to state 104
    logical_or              shift, and go to state 105
    dont_equal              shift, and go to state 106
    bitwise_and             shift, and go to state 107
    bitwise_or              shift, and go to state 108
    bitwise_xor             shift, and go to state 109
    bitwise_shift_to_left   shift, and go to state 110
    bitwise_shift_to_right  shift, and go to state 111
    left_quad_brace         shift, and go to state 112
    equals                  shift, and go to state 113
    greater_than            shift, and go to state 114
    lesser_than             shift, and go to state 115
    plus                    shift, and go to state 116
    minus                   shift, and go to state 117
    multiply                shift, and go to state 118
    divide                  shift, and go to state 119
    divide_with_remind      shift, and go to state 120
    greater_than_or_equals  shift, and go to state 121
    lesser_than_or_equals   shift, and go to state 122

    $default  reduce using rule 83 (simple_stmt)


State 198

  106 ternary_expr: left_paren expr right_paren question_sign • expr colon expr

    logical_not      shift, and go to state 51
    bitwise_not      shift, and go to state 52
    int_type         shift, and go to state 15
    bool_type        shift, and go to state 16
    float_type       shift, and go to state 17
    color_type       shift, and go to state 18
    string_as_type   shift, and go to state 19
    left_paren       shift, and go to state 53
    left_quad_brace  shift, and go to state 54
    plus             shift, and go to state 55
    minus            shift, and go to state 56
    number           shift, and go to state 57
    identifier       shift, and go to state 58
    string           shift, and go to state 59

    pine_type     go to state 31
    dot_expr      go to state 60
    ternary_expr  go to state 61
    expr          go to state 218


State 199

  104 ternary_expr: identifier question_sign expr colon • expr

    logical_not      shift, and go to state 51
    bitwise_not      shift, and go to state 52
    int_type         shift, and go to state 15
    bool_type        shift, and go to state 16
    float_type       shift, and go to state 17
    color_type       shift, and go to state 18
    string_as_type   shift, and go to state 19
    left_paren       shift, and go to state 53
    left_quad_brace  shift, and go to state 54
    plus             shift, and go to state 55
    minus            shift, and go to state 56
    number           shift, and go to state 57
    identifier       shift, and go to state 58
    string           shift, and go to state 59

    pine_type     go to state 31
    dot_expr      go to state 60
    ternary_expr  go to state 61
    expr          go to state 219


State 200

   69 call_arg_stmt: identifier left_paren call_list right_paren •

    $default  reduce using rule 69 (call_arg_stmt)


State 201

   72 call_list: call_list comma • call_stmt

    logical_not      shift, and go to state 51
    bitwise_not      shift, and go to state 52
    int_type         shift, and go to state 15
    bool_type        shift, and go to state 16
    float_type       shift, and go to state 17
    color_type       shift, and go to state 18
    string_as_type   shift, and go to state 19
    left_paren       shift, and go to state 53
    left_quad_brace  shift, and go to state 54
    plus             shift, and go to state 55
    minus            shift, and go to state 56
    number           shift, and go to state 57
    identifier       shift, and go to state 58
    string           shift, and go to state 59

    pine_type     go to state 31
    dot_expr      go to state 60
    call_stmt     go to state 220
    ternary_expr  go to state 61
    expr          go to state 133


State 202

   39 func_stmt: identifier func_paren opt_arg_list func_paren • block

    left_brace  shift, and go to state 209

    block  go to state 221


State 203

   42 arg_list: arg_list comma • func_type

    int_type        shift, and go to state 15
    bool_type       shift, and go to state 16
    float_type      shift, and go to state 17
    color_type      shift, and go to state 18
    string_as_type  shift, and go to state 19
    identifier      shift, and go to state 134

    func_type  go to state 222
    pine_type  go to state 138


State 204

   48 func_type: pine_type lesser_than • func_type greater_than identifier

    int_type        shift, and go to state 15
    bool_type       shift, and go to state 16
    float_type      shift, and go to state 17
    color_type      shift, and go to state 18
    string_as_type  shift, and go to state 19
    identifier      shift, and go to state 134

    func_type  go to state 223
    pine_type  go to state 138


State 205

   46 func_type: pine_type dot • pine_type identifier
   47          | pine_type dot • pine_type
   49          | pine_type dot • pine_type lesser_than func_type greater_than identifier

    int_type        shift, and go to state 15
    bool_type       shift, and go to state 16
    float_type      shift, and go to state 17
    color_type      shift, and go to state 18
    string_as_type  shift, and go to state 19
    identifier      shift, and go to state 134

    pine_type  go to state 224


State 206

   44 func_type: pine_type identifier •

    $default  reduce using rule 44 (func_type)


State 207

  105 ternary_expr: dot_expr question_sign expr colon • expr

    logical_not      shift, and go to state 51
    bitwise_not      shift, and go to state 52
    int_type         shift, and go to state 15
    bool_type        shift, and go to state 16
    float_type       shift, and go to state 17
    color_type       shift, and go to state 18
    string_as_type   shift, and go to state 19
    left_paren       shift, and go to state 53
    left_quad_brace  shift, and go to state 54
    plus             shift, and go to state 55
    minus            shift, and go to state 56
    number           shift, and go to state 57
    identifier       shift, and go to state 58
    string           shift, and go to state 59

    pine_type     go to state 31
    dot_expr      go to state 60
    ternary_expr  go to state 61
    expr          go to state 225


State 208

   70 call_arg_stmt: dot_expr left_paren call_list right_paren •

    $default  reduce using rule 70 (call_arg_stmt)


State 209

   25 block: left_brace • stmt_list right_brace

    indicator_function  shift, and go to state 1
    strategy_function   shift, and go to state 2
    if_statement        shift, and go to state 3
    for_statement       shift, and go to state 4
    return_statement    shift, and go to state 5
    while_statement     shift, and go to state 6
    break_statement     shift, and go to state 7
    continue_statement  shift, and go to state 8
    switch_statement    shift, and go to state 9
    var                 shift, and go to state 10
    varip               shift, and go to state 11
    const_statement     shift, and go to state 12
    simple              shift, and go to state 13
    import_statement    shift, and go to state 14
    int_type            shift, and go to state 15
    bool_type           shift, and go to state 16
    float_type          shift, and go to state 17
    color_type          shift, and go to state 18
    string_as_type      shift, and go to state 19
    left_paren          shift, and go to state 20
    identifier          shift, and go to state 21

    statement             go to state 226
    ident_stmt            go to state 24
    stmt_list             go to state 227
    stmt_block            go to state 228
    indicator_stmt        go to state 25
    strategy_stmt         go to state 26
    if_stmt               go to state 27
    for_stmt              go to state 28
    while_stmt            go to state 29
    func_stmt             go to state 30
    pine_type             go to state 31
    return_stmt_expr      go to state 32
    break_stmt            go to state 33
    continue_stmt         go to state 34
    switch_stmt           go to state 35
    dot_expr              go to state 36
    call_arg_stmt         go to state 37
    var_stmt              go to state 38
    varip_stmt            go to state 39
    const_stmt            go to state 40
    simple_stmt           go to state 41
    import_stmt           go to state 42
    assignment_stmt       go to state 43
    assignment_re_stmt    go to state 44
    compound_assign_stmt  go to state 45
    ternary_expr          go to state 46


State 210

   30 if_body: statement •

    $default  reduce using rule 30 (if_body)


State 211

   29 if_body: block •

    $default  reduce using rule 29 (if_body)


State 212

   33 if_stmt: if_statement left_paren expr right_paren if_body •
   34        | if_statement left_paren expr right_paren if_body • else_statement if_body

    else_statement  shift, and go to state 229

    $default  reduce using rule 33 (if_stmt)


State 213

   35 for_stmt: for_statement left_paren identifier assign expr • to expr right_paren block
   36         | for_statement left_paren identifier assign expr • to expr step expr right_paren block
  110 expr: expr • plus expr
  111     | expr • minus expr
  112     | expr • multiply expr
  113     | expr • divide expr
  114     | expr • divide_with_remind expr
  115     | expr • logical_and expr
  116     | expr • logical_or expr
  117     | expr • equals expr
  118     | expr • dont_equal expr
  119     | expr • greater_than expr
  120     | expr • lesser_than expr
  121     | expr • greater_than_or_equals expr
  122     | expr • lesser_than_or_equals expr
  123     | expr • bitwise_and expr
  124     | expr • bitwise_or expr
  125     | expr • bitwise_xor expr
  126     | expr • bitwise_shift_to_left expr
  127     | expr • bitwise_shift_to_right expr
  133     | expr • left_quad_brace expr right_quad_brace

    to                      shift, and go to state 230
    logical_and             shift, and go to state 104
    logical_or              shift, and go to state 105
    dont_equal              shift, and go to state 106
    bitwise_and             shift, and go to state 107
    bitwise_or              shift, and go to state 108
    bitwise_xor             shift, and go to state 109
    bitwise_shift_to_left   shift, and go to state 110
    bitwise_shift_to_right  shift, and go to state 111
    left_quad_brace         shift, and go to state 112
    equals                  shift, and go to state 113
    greater_than            shift, and go to state 114
    lesser_than             shift, and go to state 115
    plus                    shift, and go to state 116
    minus                   shift, and go to state 117
    multiply                shift, and go to state 118
    divide                  shift, and go to state 119
    divide_with_remind      shift, and go to state 120
    greater_than_or_equals  shift, and go to state 121
    lesser_than_or_equals   shift, and go to state 122


State 214

   37 for_stmt: for_statement left_paren expr right_paren block •

    $default  reduce using rule 37 (for_stmt)


State 215

  133 expr: expr left_quad_brace expr right_quad_brace •

    $default  reduce using rule 133 (expr)


State 216

   38 while_stmt: while_statement left_paren expr right_paren block •

    $default  reduce using rule 38 (while_stmt)


State 217

   59 switch_stmt: switch_statement left_paren expr right_paren left_brace • case_list default_case right_brace

    $default  reduce using rule 61 (case_list)

    case_list  go to state 231


State 218

  106 ternary_expr: left_paren expr right_paren question_sign expr • colon expr
  110 expr: expr • plus expr
  111     | expr • minus expr
  112     | expr • multiply expr
  113     | expr • divide expr
  114     | expr • divide_with_remind expr
  115     | expr • logical_and expr
  116     | expr • logical_or expr
  117     | expr • equals expr
  118     | expr • dont_equal expr
  119     | expr • greater_than expr
  120     | expr • lesser_than expr
  121     | expr • greater_than_or_equals expr
  122     | expr • lesser_than_or_equals expr
  123     | expr • bitwise_and expr
  124     | expr • bitwise_or expr
  125     | expr • bitwise_xor expr
  126     | expr • bitwise_shift_to_left expr
  127     | expr • bitwise_shift_to_right expr
  133     | expr • left_quad_brace expr right_quad_brace

    logical_and             shift, and go to state 104
    logical_or              shift, and go to state 105
    dont_equal              shift, and go to state 106
    bitwise_and             shift, and go to state 107
    bitwise_or              shift, and go to state 108
    bitwise_xor             shift, and go to state 109
    bitwise_shift_to_left   shift, and go to state 110
    bitwise_shift_to_right  shift, and go to state 111
    left_quad_brace         shift, and go to state 112
    equals                  shift, and go to state 113
    greater_than            shift, and go to state 114
    lesser_than             shift, and go to state 115
    plus                    shift, and go to state 116
    minus                   shift, and go to state 117
    multiply                shift, and go to state 118
    divide                  shift, and go to state 119
    divide_with_remind      shift, and go to state 120
    greater_than_or_equals  shift, and go to state 121
    lesser_than_or_equals   shift, and go to state 122
    colon                   shift, and go to state 232


State 219

  104 ternary_expr: identifier question_sign expr colon expr •
  110 expr: expr • plus expr
  111     | expr • minus expr
  112     | expr • multiply expr
  113     | expr • divide expr
  114     | expr • divide_with_remind expr
  115     | expr • logical_and expr
  116     | expr • logical_or expr
  117     | expr • equals expr
  118     | expr • dont_equal expr
  119     | expr • greater_than expr
  120     | expr • lesser_than expr
  121     | expr • greater_than_or_equals expr
  122     | expr • lesser_than_or_equals expr
  123     | expr • bitwise_and expr
  124     | expr • bitwise_or expr
  125     | expr • bitwise_xor expr
  126     | expr • bitwise_shift_to_left expr
  127     | expr • bitwise_shift_to_right expr
  133     | expr • left_quad_brace expr right_quad_brace

    logical_and             shift, and go to state 104
    logical_or              shift, and go to state 105
    dont_equal              shift, and go to state 106
    bitwise_and             shift, and go to state 107
    bitwise_or              shift, and go to state 108
    bitwise_xor             shift, and go to state 109
    bitwise_shift_to_left   shift, and go to state 110
    bitwise_shift_to_right  shift, and go to state 111
    left_quad_brace         shift, and go to state 112
    equals                  shift, and go to state 113
    greater_than            shift, and go to state 114
    lesser_than             shift, and go to state 115
    plus                    shift, and go to state 116
    minus                   shift, and go to state 117
    multiply                shift, and go to state 118
    divide                  shift, and go to state 119
    divide_with_remind      shift, and go to state 120
    greater_than_or_equals  shift, and go to state 121
    lesser_than_or_equals   shift, and go to state 122

    logical_and             [reduce using rule 104 (ternary_expr)]
    logical_or              [reduce using rule 104 (ternary_expr)]
    dont_equal              [reduce using rule 104 (ternary_expr)]
    bitwise_and             [reduce using rule 104 (ternary_expr)]
    bitwise_or              [reduce using rule 104 (ternary_expr)]
    bitwise_xor             [reduce using rule 104 (ternary_expr)]
    bitwise_shift_to_left   [reduce using rule 104 (ternary_expr)]
    bitwise_shift_to_right  [reduce using rule 104 (ternary_expr)]
    left_quad_brace         [reduce using rule 104 (ternary_expr)]
    equals                  [reduce using rule 104 (ternary_expr)]
    greater_than            [reduce using rule 104 (ternary_expr)]
    lesser_than             [reduce using rule 104 (ternary_expr)]
    plus                    [reduce using rule 104 (ternary_expr)]
    minus                   [reduce using rule 104 (ternary_expr)]
    multiply                [reduce using rule 104 (ternary_expr)]
    divide                  [reduce using rule 104 (ternary_expr)]
    divide_with_remind      [reduce using rule 104 (ternary_expr)]
    greater_than_or_equals  [reduce using rule 104 (ternary_expr)]
    lesser_than_or_equals   [reduce using rule 104 (ternary_expr)]
    $default                reduce using rule 104 (ternary_expr)


State 220

   72 call_list: call_list comma call_stmt •

    $default  reduce using rule 72 (call_list)


State 221

   39 func_stmt: identifier func_paren opt_arg_list func_paren block •

    $default  reduce using rule 39 (func_stmt)


State 222

   42 arg_list: arg_list comma func_type •

    $default  reduce using rule 42 (arg_list)


State 223

   48 func_type: pine_type lesser_than func_type • greater_than identifier

    greater_than  shift, and go to state 233


State 224

   46 func_type: pine_type dot pine_type • identifier
   47          | pine_type dot pine_type •
   49          | pine_type dot pine_type • lesser_than func_type greater_than identifier

    lesser_than  shift, and go to state 234
    identifier   shift, and go to state 235

    $default  reduce using rule 47 (func_type)


State 225

  105 ternary_expr: dot_expr question_sign expr colon expr •
  110 expr: expr • plus expr
  111     | expr • minus expr
  112     | expr • multiply expr
  113     | expr • divide expr
  114     | expr • divide_with_remind expr
  115     | expr • logical_and expr
  116     | expr • logical_or expr
  117     | expr • equals expr
  118     | expr • dont_equal expr
  119     | expr • greater_than expr
  120     | expr • lesser_than expr
  121     | expr • greater_than_or_equals expr
  122     | expr • lesser_than_or_equals expr
  123     | expr • bitwise_and expr
  124     | expr • bitwise_or expr
  125     | expr • bitwise_xor expr
  126     | expr • bitwise_shift_to_left expr
  127     | expr • bitwise_shift_to_right expr
  133     | expr • left_quad_brace expr right_quad_brace

    logical_and             shift, and go to state 104
    logical_or              shift, and go to state 105
    dont_equal              shift, and go to state 106
    bitwise_and             shift, and go to state 107
    bitwise_or              shift, and go to state 108
    bitwise_xor             shift, and go to state 109
    bitwise_shift_to_left   shift, and go to state 110
    bitwise_shift_to_right  shift, and go to state 111
    left_quad_brace         shift, and go to state 112
    equals                  shift, and go to state 113
    greater_than            shift, and go to state 114
    lesser_than             shift, and go to state 115
    plus                    shift, and go to state 116
    minus                   shift, and go to state 117
    multiply                shift, and go to state 118
    divide                  shift, and go to state 119
    divide_with_remind      shift, and go to state 120
    greater_than_or_equals  shift, and go to state 121
    lesser_than_or_equals   shift, and go to state 122

    logical_and             [reduce using rule 105 (ternary_expr)]
    logical_or              [reduce using rule 105 (ternary_expr)]
    dont_equal              [reduce using rule 105 (ternary_expr)]
    bitwise_and             [reduce using rule 105 (ternary_expr)]
    bitwise_or              [reduce using rule 105 (ternary_expr)]
    bitwise_xor             [reduce using rule 105 (ternary_expr)]
    bitwise_shift_to_left   [reduce using rule 105 (ternary_expr)]
    bitwise_shift_to_right  [reduce using rule 105 (ternary_expr)]
    left_quad_brace         [reduce using rule 105 (ternary_expr)]
    equals                  [reduce using rule 105 (ternary_expr)]
    greater_than            [reduce using rule 105 (ternary_expr)]
    lesser_than             [reduce using rule 105 (ternary_expr)]
    plus                    [reduce using rule 105 (ternary_expr)]
    minus                   [reduce using rule 105 (ternary_expr)]
    multiply                [reduce using rule 105 (ternary_expr)]
    divide                  [reduce using rule 105 (ternary_expr)]
    divide_with_remind      [reduce using rule 105 (ternary_expr)]
    greater_than_or_equals  [reduce using rule 105 (ternary_expr)]
    lesser_than_or_equals   [reduce using rule 105 (ternary_expr)]
    $default                reduce using rule 105 (ternary_expr)


State 226

   28 stmt_block: statement •

    $default  reduce using rule 28 (stmt_block)


State 227

   25 block: left_brace stmt_list • right_brace
   26 stmt_list: stmt_list • stmt_block

    indicator_function  shift, and go to state 1
    strategy_function   shift, and go to state 2
    if_statement        shift, and go to state 3
    for_statement       shift, and go to state 4
    return_statement    shift, and go to state 5
    while_statement     shift, and go to state 6
    break_statement     shift, and go to state 7
    continue_statement  shift, and go to state 8
    switch_statement    shift, and go to state 9
    var                 shift, and go to state 10
    varip               shift, and go to state 11
    const_statement     shift, and go to state 12
    simple              shift, and go to state 13
    import_statement    shift, and go to state 14
    int_type            shift, and go to state 15
    bool_type           shift, and go to state 16
    float_type          shift, and go to state 17
    color_type          shift, and go to state 18
    string_as_type      shift, and go to state 19
    left_paren          shift, and go to state 20
    right_brace         shift, and go to state 236
    identifier          shift, and go to state 21

    statement             go to state 226
    ident_stmt            go to state 24
    stmt_block            go to state 237
    indicator_stmt        go to state 25
    strategy_stmt         go to state 26
    if_stmt               go to state 27
    for_stmt              go to state 28
    while_stmt            go to state 29
    func_stmt             go to state 30
    pine_type             go to state 31
    return_stmt_expr      go to state 32
    break_stmt            go to state 33
    continue_stmt         go to state 34
    switch_stmt           go to state 35
    dot_expr              go to state 36
    call_arg_stmt         go to state 37
    var_stmt              go to state 38
    varip_stmt            go to state 39
    const_stmt            go to state 40
    simple_stmt           go to state 41
    import_stmt           go to state 42
    assignment_stmt       go to state 43
    assignment_re_stmt    go to state 44
    compound_assign_stmt  go to state 45
    ternary_expr          go to state 46


State 228

   27 stmt_list: stmt_block •

    $default  reduce using rule 27 (stmt_list)


State 229

   34 if_stmt: if_statement left_paren expr right_paren if_body else_statement • if_body

    indicator_function  shift, and go to state 1
    strategy_function   shift, and go to state 2
    if_statement        shift, and go to state 3
    for_statement       shift, and go to state 4
    return_statement    shift, and go to state 5
    while_statement     shift, and go to state 6
    break_statement     shift, and go to state 7
    continue_statement  shift, and go to state 8
    switch_statement    shift, and go to state 9
    var                 shift, and go to state 10
    varip               shift, and go to state 11
    const_statement     shift, and go to state 12
    simple              shift, and go to state 13
    import_statement    shift, and go to state 14
    int_type            shift, and go to state 15
    bool_type           shift, and go to state 16
    float_type          shift, and go to state 17
    color_type          shift, and go to state 18
    string_as_type      shift, and go to state 19
    left_paren          shift, and go to state 20
    left_brace          shift, and go to state 209
    identifier          shift, and go to state 21

    statement             go to state 210
    ident_stmt            go to state 24
    block                 go to state 211
    if_body               go to state 238
    indicator_stmt        go to state 25
    strategy_stmt         go to state 26
    if_stmt               go to state 27
    for_stmt              go to state 28
    while_stmt            go to state 29
    func_stmt             go to state 30
    pine_type             go to state 31
    return_stmt_expr      go to state 32
    break_stmt            go to state 33
    continue_stmt         go to state 34
    switch_stmt           go to state 35
    dot_expr              go to state 36
    call_arg_stmt         go to state 37
    var_stmt              go to state 38
    varip_stmt            go to state 39
    const_stmt            go to state 40
    simple_stmt           go to state 41
    import_stmt           go to state 42
    assignment_stmt       go to state 43
    assignment_re_stmt    go to state 44
    compound_assign_stmt  go to state 45
    ternary_expr          go to state 46


State 230

   35 for_stmt: for_statement left_paren identifier assign expr to • expr right_paren block
   36         | for_statement left_paren identifier assign expr to • expr step expr right_paren block

    logical_not      shift, and go to state 51
    bitwise_not      shift, and go to state 52
    int_type         shift, and go to state 15
    bool_type        shift, and go to state 16
    float_type       shift, and go to state 17
    color_type       shift, and go to state 18
    string_as_type   shift, and go to state 19
    left_paren       shift, and go to state 53
    left_quad_brace  shift, and go to state 54
    plus             shift, and go to state 55
    minus            shift, and go to state 56
    number           shift, and go to state 57
    identifier       shift, and go to state 58
    string           shift, and go to state 59

    pine_type     go to state 31
    dot_expr      go to state 60
    ternary_expr  go to state 61
    expr          go to state 239


State 231

   59 switch_stmt: switch_statement left_paren expr right_paren left_brace case_list • default_case right_brace
   60 case_list: case_list • case_stmt

    default_statement  shift, and go to state 240
    logical_not        shift, and go to state 51
    bitwise_not        shift, and go to state 52
    int_type           shift, and go to state 15
    bool_type          shift, and go to state 16
    float_type         shift, and go to state 17
    color_type         shift, and go to state 18
    string_as_type     shift, and go to state 19
    left_paren         shift, and go to state 53
    left_quad_brace    shift, and go to state 54
    plus               shift, and go to state 55
    minus              shift, and go to state 56
    number             shift, and go to state 57
    identifier         shift, and go to state 58
    string             shift, and go to state 59

    $default  reduce using rule 64 (default_case)

    pine_type     go to state 31
    case_stmt     go to state 241
    default_case  go to state 242
    dot_expr      go to state 60
    ternary_expr  go to state 61
    expr          go to state 243


State 232

  106 ternary_expr: left_paren expr right_paren question_sign expr colon • expr

    logical_not      shift, and go to state 51
    bitwise_not      shift, and go to state 52
    int_type         shift, and go to state 15
    bool_type        shift, and go to state 16
    float_type       shift, and go to state 17
    color_type       shift, and go to state 18
    string_as_type   shift, and go to state 19
    left_paren       shift, and go to state 53
    left_quad_brace  shift, and go to state 54
    plus             shift, and go to state 55
    minus            shift, and go to state 56
    number           shift, and go to state 57
    identifier       shift, and go to state 58
    string           shift, and go to state 59

    pine_type     go to state 31
    dot_expr      go to state 60
    ternary_expr  go to state 61
    expr          go to state 244


State 233

   48 func_type: pine_type lesser_than func_type greater_than • identifier

    identifier  shift, and go to state 245


State 234

   49 func_type: pine_type dot pine_type lesser_than • func_type greater_than identifier

    int_type        shift, and go to state 15
    bool_type       shift, and go to state 16
    float_type      shift, and go to state 17
    color_type      shift, and go to state 18
    string_as_type  shift, and go to state 19
    identifier      shift, and go to state 134

    func_type  go to state 246
    pine_type  go to state 138


State 235

   46 func_type: pine_type dot pine_type identifier •

    $default  reduce using rule 46 (func_type)


State 236

   25 block: left_brace stmt_list right_brace •

    $default  reduce using rule 25 (block)


State 237

   26 stmt_list: stmt_list stmt_block •

    $default  reduce using rule 26 (stmt_list)


State 238

   34 if_stmt: if_statement left_paren expr right_paren if_body else_statement if_body •

    $default  reduce using rule 34 (if_stmt)


State 239

   35 for_stmt: for_statement left_paren identifier assign expr to expr • right_paren block
   36         | for_statement left_paren identifier assign expr to expr • step expr right_paren block
  110 expr: expr • plus expr
  111     | expr • minus expr
  112     | expr • multiply expr
  113     | expr • divide expr
  114     | expr • divide_with_remind expr
  115     | expr • logical_and expr
  116     | expr • logical_or expr
  117     | expr • equals expr
  118     | expr • dont_equal expr
  119     | expr • greater_than expr
  120     | expr • lesser_than expr
  121     | expr • greater_than_or_equals expr
  122     | expr • lesser_than_or_equals expr
  123     | expr • bitwise_and expr
  124     | expr • bitwise_or expr
  125     | expr • bitwise_xor expr
  126     | expr • bitwise_shift_to_left expr
  127     | expr • bitwise_shift_to_right expr
  133     | expr • left_quad_brace expr right_quad_brace

    step                    shift, and go to state 247
    logical_and             shift, and go to state 104
    logical_or              shift, and go to state 105
    dont_equal              shift, and go to state 106
    bitwise_and             shift, and go to state 107
    bitwise_or              shift, and go to state 108
    bitwise_xor             shift, and go to state 109
    bitwise_shift_to_left   shift, and go to state 110
    bitwise_shift_to_right  shift, and go to state 111
    right_paren             shift, and go to state 248
    left_quad_brace         shift, and go to state 112
    equals                  shift, and go to state 113
    greater_than            shift, and go to state 114
    lesser_than             shift, and go to state 115
    plus                    shift, and go to state 116
    minus                   shift, and go to state 117
    multiply                shift, and go to state 118
    divide                  shift, and go to state 119
    divide_with_remind      shift, and go to state 120
    greater_than_or_equals  shift, and go to state 121
    lesser_than_or_equals   shift, and go to state 122


State 240

   63 default_case: default_statement • left_brace switch_block_stmts right_brace semicolon

    left_brace  shift, and go to state 249


State 241

   60 case_list: case_list case_stmt •

    $default  reduce using rule 60 (case_list)


State 242

   59 switch_stmt: switch_statement left_paren expr right_paren left_brace case_list default_case • right_brace

    right_brace  shift, and go to state 250


State 243

   62 case_stmt: expr • left_brace switch_block_stmts right_brace semicolon
  110 expr: expr • plus expr
  111     | expr • minus expr
  112     | expr • multiply expr
  113     | expr • divide expr
  114     | expr • divide_with_remind expr
  115     | expr • logical_and expr
  116     | expr • logical_or expr
  117     | expr • equals expr
  118     | expr • dont_equal expr
  119     | expr • greater_than expr
  120     | expr • lesser_than expr
  121     | expr • greater_than_or_equals expr
  122     | expr • lesser_than_or_equals expr
  123     | expr • bitwise_and expr
  124     | expr • bitwise_or expr
  125     | expr • bitwise_xor expr
  126     | expr • bitwise_shift_to_left expr
  127     | expr • bitwise_shift_to_right expr
  133     | expr • left_quad_brace expr right_quad_brace

    logical_and             shift, and go to state 104
    logical_or              shift, and go to state 105
    dont_equal              shift, and go to state 106
    bitwise_and             shift, and go to state 107
    bitwise_or              shift, and go to state 108
    bitwise_xor             shift, and go to state 109
    bitwise_shift_to_left   shift, and go to state 110
    bitwise_shift_to_right  shift, and go to state 111
    left_quad_brace         shift, and go to state 112
    left_brace              shift, and go to state 251
    equals                  shift, and go to state 113
    greater_than            shift, and go to state 114
    lesser_than             shift, and go to state 115
    plus                    shift, and go to state 116
    minus                   shift, and go to state 117
    multiply                shift, and go to state 118
    divide                  shift, and go to state 119
    divide_with_remind      shift, and go to state 120
    greater_than_or_equals  shift, and go to state 121
    lesser_than_or_equals   shift, and go to state 122


State 244

  106 ternary_expr: left_paren expr right_paren question_sign expr colon expr •
  110 expr: expr • plus expr
  111     | expr • minus expr
  112     | expr • multiply expr
  113     | expr • divide expr
  114     | expr • divide_with_remind expr
  115     | expr • logical_and expr
  116     | expr • logical_or expr
  117     | expr • equals expr
  118     | expr • dont_equal expr
  119     | expr • greater_than expr
  120     | expr • lesser_than expr
  121     | expr • greater_than_or_equals expr
  122     | expr • lesser_than_or_equals expr
  123     | expr • bitwise_and expr
  124     | expr • bitwise_or expr
  125     | expr • bitwise_xor expr
  126     | expr • bitwise_shift_to_left expr
  127     | expr • bitwise_shift_to_right expr
  133     | expr • left_quad_brace expr right_quad_brace

    logical_and             shift, and go to state 104
    logical_or              shift, and go to state 105
    dont_equal              shift, and go to state 106
    bitwise_and             shift, and go to state 107
    bitwise_or              shift, and go to state 108
    bitwise_xor             shift, and go to state 109
    bitwise_shift_to_left   shift, and go to state 110
    bitwise_shift_to_right  shift, and go to state 111
    left_quad_brace         shift, and go to state 112
    equals                  shift, and go to state 113
    greater_than            shift, and go to state 114
    lesser_than             shift, and go to state 115
    plus                    shift, and go to state 116
    minus                   shift, and go to state 117
    multiply                shift, and go to state 118
    divide                  shift, and go to state 119
    divide_with_remind      shift, and go to state 120
    greater_than_or_equals  shift, and go to state 121
    lesser_than_or_equals   shift, and go to state 122

    logical_and             [reduce using rule 106 (ternary_expr)]
    logical_or              [reduce using rule 106 (ternary_expr)]
    dont_equal              [reduce using rule 106 (ternary_expr)]
    bitwise_and             [reduce using rule 106 (ternary_expr)]
    bitwise_or              [reduce using rule 106 (ternary_expr)]
    bitwise_xor             [reduce using rule 106 (ternary_expr)]
    bitwise_shift_to_left   [reduce using rule 106 (ternary_expr)]
    bitwise_shift_to_right  [reduce using rule 106 (ternary_expr)]
    left_quad_brace         [reduce using rule 106 (ternary_expr)]
    equals                  [reduce using rule 106 (ternary_expr)]
    greater_than            [reduce using rule 106 (ternary_expr)]
    lesser_than             [reduce using rule 106 (ternary_expr)]
    plus                    [reduce using rule 106 (ternary_expr)]
    minus                   [reduce using rule 106 (ternary_expr)]
    multiply                [reduce using rule 106 (ternary_expr)]
    divide                  [reduce using rule 106 (ternary_expr)]
    divide_with_remind      [reduce using rule 106 (ternary_expr)]
    greater_than_or_equals  [reduce using rule 106 (ternary_expr)]
    lesser_than_or_equals   [reduce using rule 106 (ternary_expr)]
    $default                reduce using rule 106 (ternary_expr)


State 245

   48 func_type: pine_type lesser_than func_type greater_than identifier •

    $default  reduce using rule 48 (func_type)


State 246

   49 func_type: pine_type dot pine_type lesser_than func_type • greater_than identifier

    greater_than  shift, and go to state 252


State 247

   36 for_stmt: for_statement left_paren identifier assign expr to expr step • expr right_paren block

    logical_not      shift, and go to state 51
    bitwise_not      shift, and go to state 52
    int_type         shift, and go to state 15
    bool_type        shift, and go to state 16
    float_type       shift, and go to state 17
    color_type       shift, and go to state 18
    string_as_type   shift, and go to state 19
    left_paren       shift, and go to state 53
    left_quad_brace  shift, and go to state 54
    plus             shift, and go to state 55
    minus            shift, and go to state 56
    number           shift, and go to state 57
    identifier       shift, and go to state 58
    string           shift, and go to state 59

    pine_type     go to state 31
    dot_expr      go to state 60
    ternary_expr  go to state 61
    expr          go to state 253


State 248

   35 for_stmt: for_statement left_paren identifier assign expr to expr right_paren • block

    left_brace  shift, and go to state 209

    block  go to state 254


State 249

   63 default_case: default_statement left_brace • switch_block_stmts right_brace semicolon

    indicator_function  shift, and go to state 1
    strategy_function   shift, and go to state 2
    if_statement        shift, and go to state 3
    for_statement       shift, and go to state 4
    return_statement    shift, and go to state 5
    while_statement     shift, and go to state 6
    break_statement     shift, and go to state 7
    continue_statement  shift, and go to state 8
    switch_statement    shift, and go to state 9
    var                 shift, and go to state 10
    varip               shift, and go to state 11
    const_statement     shift, and go to state 12
    simple              shift, and go to state 13
    import_statement    shift, and go to state 14
    int_type            shift, and go to state 15
    bool_type           shift, and go to state 16
    float_type          shift, and go to state 17
    color_type          shift, and go to state 18
    string_as_type      shift, and go to state 19
    left_paren          shift, and go to state 20
    identifier          shift, and go to state 21

    statement             go to state 255
    ident_stmt            go to state 24
    indicator_stmt        go to state 25
    strategy_stmt         go to state 26
    if_stmt               go to state 27
    for_stmt              go to state 28
    while_stmt            go to state 29
    func_stmt             go to state 30
    pine_type             go to state 31
    return_stmt_expr      go to state 32
    break_stmt            go to state 33
    continue_stmt         go to state 34
    switch_stmt           go to state 35
    switch_block_stmt     go to state 256
    switch_block_stmts    go to state 257
    dot_expr              go to state 36
    call_arg_stmt         go to state 37
    var_stmt              go to state 38
    varip_stmt            go to state 39
    const_stmt            go to state 40
    simple_stmt           go to state 41
    import_stmt           go to state 42
    assignment_stmt       go to state 43
    assignment_re_stmt    go to state 44
    compound_assign_stmt  go to state 45
    ternary_expr          go to state 46


State 250

   59 switch_stmt: switch_statement left_paren expr right_paren left_brace case_list default_case right_brace •

    $default  reduce using rule 59 (switch_stmt)


State 251

   62 case_stmt: expr left_brace • switch_block_stmts right_brace semicolon

    indicator_function  shift, and go to state 1
    strategy_function   shift, and go to state 2
    if_statement        shift, and go to state 3
    for_statement       shift, and go to state 4
    return_statement    shift, and go to state 5
    while_statement     shift, and go to state 6
    break_statement     shift, and go to state 7
    continue_statement  shift, and go to state 8
    switch_statement    shift, and go to state 9
    var                 shift, and go to state 10
    varip               shift, and go to state 11
    const_statement     shift, and go to state 12
    simple              shift, and go to state 13
    import_statement    shift, and go to state 14
    int_type            shift, and go to state 15
    bool_type           shift, and go to state 16
    float_type          shift, and go to state 17
    color_type          shift, and go to state 18
    string_as_type      shift, and go to state 19
    left_paren          shift, and go to state 20
    identifier          shift, and go to state 21

    statement             go to state 255
    ident_stmt            go to state 24
    indicator_stmt        go to state 25
    strategy_stmt         go to state 26
    if_stmt               go to state 27
    for_stmt              go to state 28
    while_stmt            go to state 29
    func_stmt             go to state 30
    pine_type             go to state 31
    return_stmt_expr      go to state 32
    break_stmt            go to state 33
    continue_stmt         go to state 34
    switch_stmt           go to state 35
    switch_block_stmt     go to state 256
    switch_block_stmts    go to state 258
    dot_expr              go to state 36
    call_arg_stmt         go to state 37
    var_stmt              go to state 38
    varip_stmt            go to state 39
    const_stmt            go to state 40
    simple_stmt           go to state 41
    import_stmt           go to state 42
    assignment_stmt       go to state 43
    assignment_re_stmt    go to state 44
    compound_assign_stmt  go to state 45
    ternary_expr          go to state 46


State 252

   49 func_type: pine_type dot pine_type lesser_than func_type greater_than • identifier

    identifier  shift, and go to state 259


State 253

   36 for_stmt: for_statement left_paren identifier assign expr to expr step expr • right_paren block
  110 expr: expr • plus expr
  111     | expr • minus expr
  112     | expr • multiply expr
  113     | expr • divide expr
  114     | expr • divide_with_remind expr
  115     | expr • logical_and expr
  116     | expr • logical_or expr
  117     | expr • equals expr
  118     | expr • dont_equal expr
  119     | expr • greater_than expr
  120     | expr • lesser_than expr
  121     | expr • greater_than_or_equals expr
  122     | expr • lesser_than_or_equals expr
  123     | expr • bitwise_and expr
  124     | expr • bitwise_or expr
  125     | expr • bitwise_xor expr
  126     | expr • bitwise_shift_to_left expr
  127     | expr • bitwise_shift_to_right expr
  133     | expr • left_quad_brace expr right_quad_brace

    logical_and             shift, and go to state 104
    logical_or              shift, and go to state 105
    dont_equal              shift, and go to state 106
    bitwise_and             shift, and go to state 107
    bitwise_or              shift, and go to state 108
    bitwise_xor             shift, and go to state 109
    bitwise_shift_to_left   shift, and go to state 110
    bitwise_shift_to_right  shift, and go to state 111
    right_paren             shift, and go to state 260
    left_quad_brace         shift, and go to state 112
    equals                  shift, and go to state 113
    greater_than            shift, and go to state 114
    lesser_than             shift, and go to state 115
    plus                    shift, and go to state 116
    minus                   shift, and go to state 117
    multiply                shift, and go to state 118
    divide                  shift, and go to state 119
    divide_with_remind      shift, and go to state 120
    greater_than_or_equals  shift, and go to state 121
    lesser_than_or_equals   shift, and go to state 122


State 254

   35 for_stmt: for_statement left_paren identifier assign expr to expr right_paren block •

    $default  reduce using rule 35 (for_stmt)


State 255

   65 switch_block_stmt: statement •

    $default  reduce using rule 65 (switch_block_stmt)


State 256

   66 switch_block_stmts: switch_block_stmt •

    $default  reduce using rule 66 (switch_block_stmts)


State 257

   63 default_case: default_statement left_brace switch_block_stmts • right_brace semicolon
   67 switch_block_stmts: switch_block_stmts • switch_block_stmt

    indicator_function  shift, and go to state 1
    strategy_function   shift, and go to state 2
    if_statement        shift, and go to state 3
    for_statement       shift, and go to state 4
    return_statement    shift, and go to state 5
    while_statement     shift, and go to state 6
    break_statement     shift, and go to state 7
    continue_statement  shift, and go to state 8
    switch_statement    shift, and go to state 9
    var                 shift, and go to state 10
    varip               shift, and go to state 11
    const_statement     shift, and go to state 12
    simple              shift, and go to state 13
    import_statement    shift, and go to state 14
    int_type            shift, and go to state 15
    bool_type           shift, and go to state 16
    float_type          shift, and go to state 17
    color_type          shift, and go to state 18
    string_as_type      shift, and go to state 19
    left_paren          shift, and go to state 20
    right_brace         shift, and go to state 261
    identifier          shift, and go to state 21

    statement             go to state 255
    ident_stmt            go to state 24
    indicator_stmt        go to state 25
    strategy_stmt         go to state 26
    if_stmt               go to state 27
    for_stmt              go to state 28
    while_stmt            go to state 29
    func_stmt             go to state 30
    pine_type             go to state 31
    return_stmt_expr      go to state 32
    break_stmt            go to state 33
    continue_stmt         go to state 34
    switch_stmt           go to state 35
    switch_block_stmt     go to state 262
    dot_expr              go to state 36
    call_arg_stmt         go to state 37
    var_stmt              go to state 38
    varip_stmt            go to state 39
    const_stmt            go to state 40
    simple_stmt           go to state 41
    import_stmt           go to state 42
    assignment_stmt       go to state 43
    assignment_re_stmt    go to state 44
    compound_assign_stmt  go to state 45
    ternary_expr          go to state 46


State 258

   62 case_stmt: expr left_brace switch_block_stmts • right_brace semicolon
   67 switch_block_stmts: switch_block_stmts • switch_block_stmt

    indicator_function  shift, and go to state 1
    strategy_function   shift, and go to state 2
    if_statement        shift, and go to state 3
    for_statement       shift, and go to state 4
    return_statement    shift, and go to state 5
    while_statement     shift, and go to state 6
    break_statement     shift, and go to state 7
    continue_statement  shift, and go to state 8
    switch_statement    shift, and go to state 9
    var                 shift, and go to state 10
    varip               shift, and go to state 11
    const_statement     shift, and go to state 12
    simple              shift, and go to state 13
    import_statement    shift, and go to state 14
    int_type            shift, and go to state 15
    bool_type           shift, and go to state 16
    float_type          shift, and go to state 17
    color_type          shift, and go to state 18
    string_as_type      shift, and go to state 19
    left_paren          shift, and go to state 20
    right_brace         shift, and go to state 263
    identifier          shift, and go to state 21

    statement             go to state 255
    ident_stmt            go to state 24
    indicator_stmt        go to state 25
    strategy_stmt         go to state 26
    if_stmt               go to state 27
    for_stmt              go to state 28
    while_stmt            go to state 29
    func_stmt             go to state 30
    pine_type             go to state 31
    return_stmt_expr      go to state 32
    break_stmt            go to state 33
    continue_stmt         go to state 34
    switch_stmt           go to state 35
    switch_block_stmt     go to state 262
    dot_expr              go to state 36
    call_arg_stmt         go to state 37
    var_stmt              go to state 38
    varip_stmt            go to state 39
    const_stmt            go to state 40
    simple_stmt           go to state 41
    import_stmt           go to state 42
    assignment_stmt       go to state 43
    assignment_re_stmt    go to state 44
    compound_assign_stmt  go to state 45
    ternary_expr          go to state 46


State 259

   49 func_type: pine_type dot pine_type lesser_than func_type greater_than identifier •

    $default  reduce using rule 49 (func_type)


State 260

   36 for_stmt: for_statement left_paren identifier assign expr to expr step expr right_paren • block

    left_brace  shift, and go to state 209

    block  go to state 264


State 261

   63 default_case: default_statement left_brace switch_block_stmts right_brace • semicolon

    semicolon  shift, and go to state 265


State 262

   67 switch_block_stmts: switch_block_stmts switch_block_stmt •

    $default  reduce using rule 67 (switch_block_stmts)


State 263

   62 case_stmt: expr left_brace switch_block_stmts right_brace • semicolon

    semicolon  shift, and go to state 266


State 264

   36 for_stmt: for_statement left_paren identifier assign expr to expr step expr right_paren block •

    $default  reduce using rule 36 (for_stmt)


State 265

   63 default_case: default_statement left_brace switch_block_stmts right_brace semicolon •

    $default  reduce using rule 63 (default_case)


State 266

   62 case_stmt: expr left_brace switch_block_stmts right_brace semicolon •

    $default  reduce using rule 62 (case_stmt)
